Position,Const,Created,Modified,Description,Title,URL,Title Type,IMDb Rating,Runtime (mins),Year,Genres,Num Votes,Release Date,Directors,Streaming,Link
1,tt0111161,2019-03-07,2019-03-07,,The Shawshank Redemption,https://www.imdb.com/title/tt0111161/,movie,9.3,142,1994,Drama,2717298,1994-09-10,Frank Darabont,HBO Max,
2,tt0068646,2019-03-07,2019-03-07,,The Godfather,https://www.imdb.com/title/tt0068646/,movie,9.2,175,1972,"Crime, Drama",1887987,1972-03-14,Francis Ford Coppola,Paramount+,
3,tt0468569,2019-03-07,2019-03-07,,The Dark Knight,https://www.imdb.com/title/tt0468569/,movie,9.0,152,2008,"Action, Crime, Drama, Thriller",2689938,2008-07-14,Christopher Nolan,Netflix,
4,tt0071562,2019-03-07,2019-03-07,,The Godfather Part II,https://www.imdb.com/title/tt0071562/,movie,9.0,202,1974,"Crime, Drama",1288334,1974-12-12,Francis Ford Coppola,Paramount+,
5,tt0167260,2019-03-07,2019-03-07,,The Lord of the Rings: The Return of the King,https://www.imdb.com/title/tt0167260/,movie,9.0,201,2003,"Action, Adventure, Drama, Fantasy",1869736,2003-12-01,Peter Jackson,HBO Max,
6,tt0110912,2019-03-07,2019-03-07,,Pulp Fiction,https://www.imdb.com/title/tt0110912/,movie,8.9,154,1994,"Crime, Drama",2086592,1994-05-21,Quentin Tarantino,Amazon Prime Video,
7,tt0108052,2019-03-07,2019-03-07,,Schindler's List,https://www.imdb.com/title/tt0108052/,movie,9.0,195,1993,"Biography, Drama, History",1372578,1993-11-30,Steven Spielberg,Buy or Rent,
8,tt0060196,2019-03-07,2019-03-07,,"Il buono, il brutto, il cattivo",https://www.imdb.com/title/tt0060196/,movie,8.8,161,1966,"Adventure, Western",770747,1966-12-23,Sergio Leone,Buy or Rent,
9,tt0050083,2019-03-07,2019-03-07,,12 Angry Men,https://www.imdb.com/title/tt0050083/,movie,9.0,96,1957,"Crime, Drama",802963,1957-04-10,Sidney Lumet,Amazon Prime Video,
10,tt1375666,2019-03-07,2019-03-07,,Inception,https://www.imdb.com/title/tt1375666/,movie,8.8,148,2010,"Action, Adventure, Sci-Fi, Thriller",2387301,2010-07-08,Christopher Nolan,Netflix,
11,tt0137523,2019-03-07,2019-03-07,,Fight Club,https://www.imdb.com/title/tt0137523/,movie,8.8,139,1999,Drama,2160789,1999-09-10,David Fincher,Hulu,
12,tt0120737,2019-03-07,2019-03-07,,The Lord of the Rings: The Fellowship of the Ring,https://www.imdb.com/title/tt0120737/,movie,8.8,178,2001,"Action, Adventure, Drama, Fantasy",1899064,2001-12-10,Peter Jackson,HBO Max,
13,tt0109830,2019-03-07,2019-03-07,,Forrest Gump,https://www.imdb.com/title/tt0109830/,movie,8.8,142,1994,"Drama, Romance",2112227,1994-06-23,Robert Zemeckis,Amazon Prime Video,
14,tt0080684,2019-03-07,2019-03-07,,The Empire Strikes Back,https://www.imdb.com/title/tt0080684/,movie,8.7,124,1980,"Action, Adventure, Fantasy, Sci-Fi",1308347,1980-05-17,Irvin Kershner,Disney+,
15,tt6316138,2019-03-07,2019-03-07,,Ayla: The Daughter of War,https://www.imdb.com/title/tt6316138/,movie,8.3,125,2017,"Biography, Drama, History, War",41128,2017-09-08,Can Ulkay,Buy or Rent,
16,tt0167261,2019-03-07,2019-03-07,,The Lord of the Rings: The Two Towers,https://www.imdb.com/title/tt0167261/,movie,8.8,179,2002,"Action, Adventure, Drama, Fantasy",1688037,2002-12-05,Peter Jackson,HBO Max,
17,tt0133093,2019-03-07,2019-03-07,,The Matrix,https://www.imdb.com/title/tt0133093/,movie,8.7,136,1999,"Action, Sci-Fi",1937921,1999-03-24,"Lilly Wachowski, Lana Wachowski",HBO Max,
18,tt0099685,2019-03-07,2019-03-07,,GoodFellas,https://www.imdb.com/title/tt0099685/,movie,8.7,145,1990,"Biography, Crime, Drama",1178685,1990-09-09,Martin Scorsese,HBO Max,
19,tt0073486,2019-03-07,2019-03-07,,One Flew Over the Cuckoo's Nest,https://www.imdb.com/title/tt0073486/,movie,8.7,133,1975,Drama,1019527,1975-11-19,Milos Forman,HBO Max,
20,tt0047478,2019-03-07,2019-03-07,,Shichinin no samurai,https://www.imdb.com/title/tt0047478/,movie,8.6,207,1954,"Action, Drama",350049,1954-04-26,Akira Kurosawa,HBO Max,
21,tt4633694,2019-03-07,2019-03-07,,Spider-Man: Into the Spider-Verse,https://www.imdb.com/title/tt4633694/,movie,8.4,117,2018,"Animation, Action, Adventure, Comedy, Family, Fantasy, Sci-Fi",548313,2018-12-06,"Bob Persichetti, Peter Ramsey, Rodney Rothman",Buy or Rent,
22,tt0816692,2019-03-07,2019-03-07,,Interstellar,https://www.imdb.com/title/tt0816692/,movie,8.6,169,2014,"Adventure, Drama, Sci-Fi",1877393,2014-10-26,Christopher Nolan,Paramount+,
23,tt0317248,2019-03-07,2019-03-07,,Cidade de Deus,https://www.imdb.com/title/tt0317248/,movie,8.6,130,2002,"Crime, Drama",764973,2002-05-18,"Kátia Lund, Fernando Meirelles",Paramount+,
24,tt0245429,2019-03-07,2019-03-07,,Sen to Chihiro no kamikakushi,https://www.imdb.com/title/tt0245429/,movie,8.6,125,2001,"Animation, Adventure, Family, Fantasy, Mystery",778481,2001-07-20,Hayao Miyazaki,HBO Max,
25,tt0120815,2019-03-07,2019-03-07,,Saving Private Ryan,https://www.imdb.com/title/tt0120815/,movie,8.6,169,1998,"Drama, War",1410154,1998-07-21,Steven Spielberg,Paramount+,
26,tt0118799,2019-03-07,2019-03-07,,La vita è bella,https://www.imdb.com/title/tt0118799/,movie,8.6,116,1997,"Comedy, Drama, Romance, War",704858,1997-12-20,Roberto Benigni,Not found,
27,tt0114814,2019-03-07,2019-03-07,,The Usual Suspects,https://www.imdb.com/title/tt0114814/,movie,8.5,106,1995,"Crime, Drama, Mystery, Thriller",1096703,1995-01-25,Bryan Singer,Buy or Rent,
28,tt0114369,2019-03-07,2019-03-07,,Se7en,https://www.imdb.com/title/tt0114369/,movie,8.6,127,1995,"Crime, Drama, Mystery, Thriller",1678155,1995-09-15,David Fincher,HBO Max,
29,tt0110413,2019-03-07,2019-03-07,,Léon,https://www.imdb.com/title/tt0110413/,movie,8.5,110,1994,"Action, Crime, Drama, Thriller",1177485,1994-09-14,Luc Besson,Buy or Rent,
30,tt0102926,2019-03-07,2019-03-07,,The Silence of the Lambs,https://www.imdb.com/title/tt0102926/,movie,8.6,118,1991,"Crime, Drama, Thriller",1452711,1991-01-30,Jonathan Demme,HBO Max,
31,tt0076759,2019-03-07,2019-03-07,,Star Wars,https://www.imdb.com/title/tt0076759/,movie,8.6,121,1977,"Action, Adventure, Fantasy, Sci-Fi",1380746,1977-05-25,George Lucas,Disney+,
32,tt0038650,2019-03-07,2019-03-07,,It's a Wonderful Life,https://www.imdb.com/title/tt0038650/,movie,8.6,130,1946,"Drama, Family, Fantasy, Romance",468484,1946-12-20,Frank Capra,Amazon Prime Video,
33,tt4154756,2019-03-07,2019-03-07,,Avengers: Infinity War,https://www.imdb.com/title/tt4154756/,movie,8.4,149,2018,"Action, Adventure, Sci-Fi",1105015,2018-04-23,"Anthony Russo, Joe Russo",Disney+,
34,tt2582802,2019-03-07,2019-03-07,,Whiplash,https://www.imdb.com/title/tt2582802/,movie,8.5,106,2014,"Drama, Music",887624,2014-01-16,Damien Chazelle,Buy or Rent,
35,tt1675434,2019-03-07,2019-03-07,,Intouchables,https://www.imdb.com/title/tt1675434/,movie,8.5,112,2011,"Biography, Comedy, Drama",872427,2011-09-23,"Olivier Nakache, Éric Toledano",Buy or Rent,
36,tt0482571,2019-03-07,2019-03-07,,The Prestige,https://www.imdb.com/title/tt0482571/,movie,8.5,130,2006,"Drama, Mystery, Sci-Fi, Thriller",1351118,2006-10-17,Christopher Nolan,Hulu,
37,tt0407887,2019-03-07,2019-03-07,,The Departed,https://www.imdb.com/title/tt0407887/,movie,8.5,151,2006,"Crime, Drama, Thriller",1342976,2006-09-26,Martin Scorsese,Hulu,
38,tt0253474,2019-03-07,2019-03-07,,The Pianist,https://www.imdb.com/title/tt0253474/,movie,8.5,150,2002,"Biography, Drama, Music, War",845721,2002-05-24,Roman Polanski,Buy or Rent,
39,tt0209144,2019-03-07,2019-03-07,,Memento,https://www.imdb.com/title/tt0209144/,movie,8.4,113,2000,"Mystery, Thriller",1253196,2000-09-05,Christopher Nolan,HBO Max,
40,tt0172495,2019-03-07,2019-03-07,,Gladiator,https://www.imdb.com/title/tt0172495/,movie,8.5,155,2000,"Action, Adventure, Drama",1520422,2000-05-01,Ridley Scott,Paramount+,
41,tt0120689,2019-03-07,2019-03-07,,The Green Mile,https://www.imdb.com/title/tt0120689/,movie,8.6,189,1999,"Crime, Drama, Fantasy, Mystery",1320820,1999-12-06,Frank Darabont,Hulu,
42,tt0120586,2019-03-07,2019-03-07,,American History X,https://www.imdb.com/title/tt0120586/,movie,8.5,119,1998,"Crime, Drama",1134765,1998-07-01,Tony Kaye,Buy or Rent,
43,tt0110357,2019-03-07,2019-03-07,,The Lion King,https://www.imdb.com/title/tt0110357/,movie,8.5,88,1994,"Animation, Adventure, Drama, Family, Musical",1073664,1994-06-12,"Rob Minkoff, Roger Allers",Disney+,
44,tt0103064,2019-03-07,2019-03-07,,Terminator 2: Judgment Day,https://www.imdb.com/title/tt0103064/,movie,8.6,137,1991,"Action, Sci-Fi",1113046,1991-07-01,James Cameron,HBO Max,
45,tt0095765,2019-03-07,2019-03-07,,Nuovo Cinema Paradiso,https://www.imdb.com/title/tt0095765/,movie,8.5,155,1988,"Drama, Romance",265587,1988-09-29,Giuseppe Tornatore,Buy or Rent,
46,tt0095327,2019-03-07,2019-03-07,,Hotaru no haka,https://www.imdb.com/title/tt0095327/,movie,8.5,89,1988,"Animation, Drama, War",283309,1988-04-16,Isao Takahata,Not found,
47,tt0088763,2019-03-07,2019-03-07,,Back to the Future,https://www.imdb.com/title/tt0088763/,movie,8.5,116,1985,"Adventure, Comedy, Sci-Fi",1224304,1985-07-03,Robert Zemeckis,Buy or Rent,
48,tt0082971,2019-03-07,2019-03-07,,Raiders of the Lost Ark,https://www.imdb.com/title/tt0082971/,movie,8.4,115,1981,"Action, Adventure",978201,1981-06-12,Steven Spielberg,Paramount+,
49,tt0078788,2019-03-07,2019-03-07,,Apocalypse Now,https://www.imdb.com/title/tt0078788/,movie,8.5,147,1979,"Drama, Mystery, War",676550,1979-05-19,Francis Ford Coppola,Buy or Rent,
50,tt0078748,2019-03-07,2019-03-07,,Alien,https://www.imdb.com/title/tt0078748/,movie,8.5,117,1979,"Horror, Sci-Fi",894741,1979-05-25,Ridley Scott,Buy or Rent,
51,tt0064116,2019-03-07,2019-03-07,,C'era una volta il West,https://www.imdb.com/title/tt0064116/,movie,8.5,165,1968,Western,334342,1968-12-20,Sergio Leone,Amazon Prime Video,
52,tt0054215,2019-03-07,2019-03-07,,Psycho,https://www.imdb.com/title/tt0054215/,movie,8.5,109,1960,"Horror, Mystery, Thriller",680679,1960-06-16,Alfred Hitchcock,Netflix,
53,tt0047396,2019-03-07,2019-03-07,,Rear Window,https://www.imdb.com/title/tt0047396/,movie,8.5,112,1954,"Mystery, Thriller",497953,1954-08-01,Alfred Hitchcock,Buy or Rent,
54,tt0034583,2019-03-07,2019-03-07,,Casablanca,https://www.imdb.com/title/tt0034583/,movie,8.5,102,1942,"Drama, Romance, War",578915,1942-11-26,Michael Curtiz,HBO Max,
55,tt0032553,2019-03-07,2019-03-07,,The Great Dictator,https://www.imdb.com/title/tt0032553/,movie,8.4,125,1940,"Comedy, Drama, War",226952,1940-10-15,Charles Chaplin,HBO Max,
56,tt0027977,2019-03-07,2019-03-07,,Modern Times,https://www.imdb.com/title/tt0027977/,movie,8.5,87,1936,"Comedy, Drama, Romance",246131,1936-02-05,Charles Chaplin,HBO Max,
57,tt0021749,2019-03-07,2019-03-07,,City Lights,https://www.imdb.com/title/tt0021749/,movie,8.5,87,1931,"Comedy, Drama, Romance",187157,1931-01-30,Charles Chaplin,HBO Max,
58,tt5311514,2019-03-07,2019-03-07,,Kimi no na wa.,https://www.imdb.com/title/tt5311514/,movie,8.4,106,2016,"Animation, Drama, Fantasy, Romance",278335,2016-07-03,Makoto Shinkai,Buy or Rent,
59,tt2380307,2019-03-07,2019-03-07,,Coco,https://www.imdb.com/title/tt2380307/,movie,8.4,105,2017,"Animation, Adventure, Comedy, Family, Fantasy, Music, Mystery",523604,2017-10-20,"Adrian Molina, Lee Unkrich",Disney+,
60,tt1853728,2019-03-07,2019-03-07,,Django Unchained,https://www.imdb.com/title/tt1853728/,movie,8.4,165,2012,"Drama, Western",1580772,2012-12-11,Quentin Tarantino,Paramount+,
61,tt1345836,2019-03-07,2019-03-07,,The Dark Knight Rises,https://www.imdb.com/title/tt1345836/,movie,8.4,164,2012,"Action, Drama, Thriller",1726000,2012-07-16,Christopher Nolan,HBO Max,
62,tt0910970,2019-03-07,2019-03-07,,WALL·E,https://www.imdb.com/title/tt0910970/,movie,8.4,98,2008,"Animation, Adventure, Family, Sci-Fi",1131407,2008-06-21,Andrew Stanton,Disney+,
63,tt0476735,2019-03-07,2019-03-07,,Babam ve Oglum,https://www.imdb.com/title/tt0476735/,movie,8.2,112,2005,"Drama, Family",87646,2005-11-18,Çagan Irmak,Buy or Rent,
64,tt0405094,2019-03-07,2019-03-07,,Das Leben der Anderen,https://www.imdb.com/title/tt0405094/,movie,8.4,137,2006,"Drama, Mystery, Thriller",393935,2006-03-15,Florian Henckel von Donnersmarck,Buy or Rent,
65,tt0364569,2019-03-07,2019-03-07,,Oldeuboi,https://www.imdb.com/title/tt0364569/,movie,8.4,120,2003,"Action, Drama, Mystery, Thriller",589454,2003-11-21,Park Chan-wook,Not found,
66,tt0169547,2019-03-07,2019-03-07,,American Beauty,https://www.imdb.com/title/tt0169547/,movie,8.4,122,1999,Drama,1165993,1999-09-08,Sam Mendes,Buy or Rent,
67,tt0119698,2019-03-07,2019-03-07,,Mononoke-hime,https://www.imdb.com/title/tt0119698/,movie,8.3,134,1997,"Animation, Action, Adventure, Fantasy",401886,1997-07-12,Hayao Miyazaki,HBO Max,
68,tt0112573,2019-03-07,2019-03-07,,Braveheart,https://www.imdb.com/title/tt0112573/,movie,8.4,178,1995,"Biography, Drama, History, War",1048513,1995-05-18,Mel Gibson,HBO Max,
69,tt0090605,2019-03-07,2019-03-07,,Aliens,https://www.imdb.com/title/tt0090605/,movie,8.4,137,1986,"Action, Adventure, Sci-Fi, Thriller",726625,1986-07-14,James Cameron,Buy or Rent,
70,tt0087843,2019-03-07,2019-03-07,,Once Upon a Time in America,https://www.imdb.com/title/tt0087843/,movie,8.3,229,1984,"Crime, Drama",357094,1984-05-20,Sergio Leone,Buy or Rent,
71,tt0082096,2019-03-07,2019-03-07,,Das Boot,https://www.imdb.com/title/tt0082096/,movie,8.4,149,1981,"Drama, War",253880,1981-09-17,Wolfgang Petersen,Buy or Rent,
72,tt0081505,2019-03-07,2019-03-07,,The Shining,https://www.imdb.com/title/tt0081505/,movie,8.4,146,1980,"Drama, Horror",1037905,1980-05-23,Stanley Kubrick,HBO Max,
73,tt0057012,2019-03-07,2019-03-07,,Dr. Strangelove or: How I Learned to Stop Worrying and Love the Bomb,https://www.imdb.com/title/tt0057012/,movie,8.4,95,1964,"Comedy, War",496635,1964-01-29,Stanley Kubrick,Buy or Rent,
74,tt0051201,2019-03-07,2019-03-07,,Witness for the Prosecution,https://www.imdb.com/title/tt0051201/,movie,8.4,116,1957,"Crime, Drama, Mystery, Thriller",127934,1957-12-17,Billy Wilder,Buy or Rent,
75,tt0050825,2019-03-07,2019-03-07,,Paths of Glory,https://www.imdb.com/title/tt0050825/,movie,8.4,88,1957,"Drama, War",200535,1957-11-01,Stanley Kubrick,Buy or Rent,
76,tt0043014,2019-03-07,2019-03-07,,Sunset Blvd.,https://www.imdb.com/title/tt0043014/,movie,8.4,110,1950,"Drama, Film-Noir",225045,1950-08-04,Billy Wilder,Not found,
77,tt6966692,2019-03-07,2019-03-07,,Green Book,https://www.imdb.com/title/tt6966692/,movie,8.2,130,2018,"Biography, Comedy, Drama, Music",508688,2018-09-11,Peter Farrelly,Buy or Rent,
78,tt2106476,2019-03-07,2019-03-07,,Jagten,https://www.imdb.com/title/tt2106476/,movie,8.3,115,2012,Drama,337098,2012-05-20,Thomas Vinterberg,Buy or Rent,
79,tt1255953,2019-03-07,2019-03-07,,Incendies,https://www.imdb.com/title/tt1255953/,movie,8.3,131,2010,"Drama, Mystery",181602,2010-09-03,Denis Villeneuve,Buy or Rent,
80,tt1049413,2019-03-07,2019-03-07,,Up,https://www.imdb.com/title/tt1049413/,movie,8.3,96,2009,"Animation, Adventure, Comedy, Drama, Family",1058494,2009-05-13,"Pete Docter, Bob Peterson",Disney+,
81,tt0435761,2019-03-07,2019-03-07,,Toy Story 3,https://www.imdb.com/title/tt0435761/,movie,8.3,103,2010,"Animation, Adventure, Comedy, Family, Fantasy",847210,2010-06-12,Lee Unkrich,Disney+,
82,tt0361748,2019-03-07,2019-03-07,,Inglourious Basterds,https://www.imdb.com/title/tt0361748/,movie,8.3,153,2009,"Adventure, Drama, War",1474351,2009-05-20,Quentin Tarantino,Buy or Rent,
83,tt0338013,2019-03-07,2019-03-07,,Eternal Sunshine of the Spotless Mind,https://www.imdb.com/title/tt0338013/,movie,8.3,108,2004,"Drama, Romance, Sci-Fi",1022177,2004-03-09,Michel Gondry,Buy or Rent,
84,tt0211915,2019-03-07,2019-03-07,,Le fabuleux destin d'Amélie Poulain,https://www.imdb.com/title/tt0211915/,movie,8.3,122,2001,"Comedy, Romance",764743,2001-04-25,Jean-Pierre Jeunet,Buy or Rent,
85,tt0208092,2019-03-07,2019-03-07,,Snatch,https://www.imdb.com/title/tt0208092/,movie,8.2,104,2000,"Comedy, Crime",867006,2000-08-23,Guy Ritchie,Buy or Rent,
86,tt0180093,2019-03-07,2019-03-07,,Requiem for a Dream,https://www.imdb.com/title/tt0180093/,movie,8.3,102,2000,Drama,854159,2000-05-14,Darren Aronofsky,Buy or Rent,
87,tt0119488,2019-03-07,2019-03-07,,L.A. Confidential,https://www.imdb.com/title/tt0119488/,movie,8.2,138,1997,"Crime, Drama, Mystery, Thriller",589155,1997-05-14,Curtis Hanson,Hulu,
88,tt0119217,2019-03-07,2019-03-07,,Good Will Hunting,https://www.imdb.com/title/tt0119217/,movie,8.3,126,1997,"Drama, Romance",990476,1997-12-02,Gus Van Sant,Amazon Prime Video,
89,tt0116231,2019-03-07,2019-03-07,,Eskiya,https://www.imdb.com/title/tt0116231/,movie,8.1,128,1996,"Crime, Drama, Thriller",70623,1996-11-29,Yavuz Turgul,Buy or Rent,
90,tt0114709,2019-03-07,2019-03-07,,Toy Story,https://www.imdb.com/title/tt0114709/,movie,8.3,81,1995,"Animation, Adventure, Comedy, Family, Fantasy",1007711,1995-11-19,John Lasseter,Disney+,
91,tt0105236,2019-03-07,2019-03-07,,Reservoir Dogs,https://www.imdb.com/title/tt0105236/,movie,8.3,99,1992,"Crime, Thriller",1033144,1992-01-21,Quentin Tarantino,Netflix,
92,tt0093058,2019-03-07,2019-03-07,,Full Metal Jacket,https://www.imdb.com/title/tt0093058/,movie,8.3,116,1987,"Drama, War",752070,1987-06-17,Stanley Kubrick,HBO Max,
93,tt0086879,2019-03-07,2019-03-07,,Amadeus,https://www.imdb.com/title/tt0086879/,movie,8.4,160,1984,"Biography, Drama, Music",406570,1984-09-06,Milos Forman,Buy or Rent,
94,tt0086250,2019-03-07,2019-03-07,,Scarface,https://www.imdb.com/title/tt0086250/,movie,8.3,170,1983,"Crime, Drama",855799,1983-12-01,Brian De Palma,Hulu,
95,tt0086190,2019-03-07,2019-03-07,,Star Wars: Episode VI - Return of the Jedi,https://www.imdb.com/title/tt0086190/,movie,8.3,131,1983,"Action, Adventure, Fantasy, Sci-Fi",1067078,1983-05-23,Richard Marquand,Disney+,
96,tt0075314,2019-03-07,2019-03-07,,Taxi Driver,https://www.imdb.com/title/tt0075314/,movie,8.2,114,1976,"Crime, Drama",850947,1976-02-08,Martin Scorsese,HBO Max,
97,tt0071853,2019-03-07,2019-03-07,,Monty Python and the Holy Grail,https://www.imdb.com/title/tt0071853/,movie,8.2,91,1975,"Adventure, Comedy, Fantasy",548012,1975-03-14,"Terry Jones, Terry Gilliam",Netflix,
98,tt0070735,2019-03-07,2019-03-07,,The Sting,https://www.imdb.com/title/tt0070735/,movie,8.3,129,1973,"Comedy, Crime, Drama",267403,1973-12-25,George Roy Hill,Netflix,
99,tt0066921,2019-03-07,2019-03-07,,A Clockwork Orange,https://www.imdb.com/title/tt0066921/,movie,8.3,136,1971,"Crime, Sci-Fi",840624,1971-12-19,Stanley Kubrick,HBO Max,
100,tt0062622,2019-03-07,2019-03-07,,2001: A Space Odyssey,https://www.imdb.com/title/tt0062622/,movie,8.3,149,1968,"Adventure, Sci-Fi",678673,1968-04-02,Stanley Kubrick,HBO Max,
101,tt0059578,2019-03-07,2019-03-07,,Per qualche dollaro in più,https://www.imdb.com/title/tt0059578/,movie,8.2,132,1965,Western,260641,1965-12-18,Sergio Leone,Buy or Rent,
102,tt0056592,2019-03-07,2019-03-07,,To Kill a Mockingbird,https://www.imdb.com/title/tt0056592/,movie,8.3,129,1962,"Crime, Drama",320030,1962-12-25,Robert Mulligan,Buy or Rent,
103,tt0056172,2019-03-07,2019-03-07,,Lawrence of Arabia,https://www.imdb.com/title/tt0056172/,movie,8.3,218,1962,"Adventure, Biography, Drama, War",298510,1962-12-10,David Lean,HBO Max,
104,tt0055630,2019-03-07,2019-03-07,,Yôjinbô,https://www.imdb.com/title/tt0055630/,movie,8.2,110,1961,"Action, Drama, Thriller",124803,1961-04-25,Akira Kurosawa,Not found,
105,tt0053604,2019-03-07,2019-03-07,,The Apartment,https://www.imdb.com/title/tt0053604/,movie,8.3,125,1960,"Comedy, Drama, Romance",184928,1960-06-15,Billy Wilder,Buy or Rent,
106,tt0053125,2019-03-07,2019-03-07,,North by Northwest,https://www.imdb.com/title/tt0053125/,movie,8.3,136,1959,"Action, Adventure, Mystery, Thriller",332253,1959-07-01,Alfred Hitchcock,HBO Max,
107,tt0052357,2019-03-07,2019-03-07,,Vertigo,https://www.imdb.com/title/tt0052357/,movie,8.3,128,1958,"Mystery, Romance, Thriller",407725,1958-05-09,Alfred Hitchcock,Buy or Rent,
108,tt0045152,2019-03-07,2019-03-07,,Singin' in the Rain,https://www.imdb.com/title/tt0045152/,movie,8.3,103,1952,"Comedy, Musical, Romance",246758,1952-03-27,"Gene Kelly, Stanley Donen",HBO Max,
109,tt0044741,2019-03-07,2019-03-07,,Ikiru,https://www.imdb.com/title/tt0044741/,movie,8.3,143,1952,Drama,80666,1952-10-09,Akira Kurosawa,HBO Max,
110,tt0042876,2019-03-07,2019-03-07,,Rashômon,https://www.imdb.com/title/tt0042876/,movie,8.2,88,1950,"Crime, Drama, Mystery",171267,1950-08-26,Akira Kurosawa,Not found,
111,tt0042192,2019-03-07,2019-03-07,,All About Eve,https://www.imdb.com/title/tt0042192/,movie,8.2,138,1950,Drama,133029,1950-10-13,Joseph L. Mankiewicz,Buy or Rent,
112,tt0040522,2019-03-07,2019-03-07,,Ladri di biciclette,https://www.imdb.com/title/tt0040522/,movie,8.3,89,1948,Drama,166023,1948-11-21,Vittorio De Sica,HBO Max,
113,tt0036775,2019-03-07,2019-03-07,,Double Indemnity,https://www.imdb.com/title/tt0036775/,movie,8.3,107,1944,"Crime, Drama, Film-Noir, Mystery, Thriller",159630,1944-04-24,Billy Wilder,Buy or Rent,
114,tt0033467,2019-03-07,2019-03-07,,Citizen Kane,https://www.imdb.com/title/tt0033467/,movie,8.3,119,1941,"Drama, Mystery",447230,1941-05-01,Orson Welles,HBO Max,
115,tt0022100,2019-03-07,2019-03-07,,M - Eine Stadt sucht einen Mörder,https://www.imdb.com/title/tt0022100/,movie,8.3,117,1931,"Crime, Mystery, Thriller",160419,1931-05-11,Fritz Lang,HBO Max,
116,tt0017136,2019-03-07,2019-03-07,,Metropolis,https://www.imdb.com/title/tt0017136/,movie,8.3,153,1927,"Drama, Sci-Fi",176903,1927-01-10,Fritz Lang,Buy or Rent,
117,tt0012349,2019-03-07,2019-03-07,,The Kid,https://www.imdb.com/title/tt0012349/,movie,8.3,68,1921,"Comedy, Drama, Family",128277,1921-01-16,Charles Chaplin,Disney+,
118,tt5027774,2019-03-07,2019-03-07,,"Three Billboards Outside Ebbing, Missouri",https://www.imdb.com/title/tt5027774/,movie,8.1,115,2017,"Comedy, Crime, Drama",519757,2017-09-04,Martin McDonagh,Buy or Rent,
119,tt3170832,2019-03-07,2019-03-07,,Room,https://www.imdb.com/title/tt3170832/,movie,8.1,118,2015,"Drama, Thriller",427886,2015-09-04,Lenny Abrahamson,HBO Max,
120,tt2991224,2019-03-07,2019-03-07,,Mandariinid,https://www.imdb.com/title/tt2991224/,movie,8.1,87,2013,"Drama, War",47202,2013-10-16,Zaza Urushadze,Buy or Rent,
121,tt2758880,2019-03-07,2019-03-07,,Kis Uykusu,https://www.imdb.com/title/tt2758880/,movie,8.1,196,2014,Drama,52716,2014-05-16,Nuri Bilge Ceylan,Buy or Rent,
122,tt2140203,2019-03-07,2019-03-07,,Ôkami kodomo no Ame to Yuki,https://www.imdb.com/title/tt2140203/,movie,8.1,117,2012,"Animation, Drama, Family, Fantasy",46346,2012-06-25,Mamoru Hosoda,Not found,
123,tt2096673,2019-03-07,2019-03-07,,Inside Out,https://www.imdb.com/title/tt2096673/,movie,8.1,95,2015,"Animation, Adventure, Comedy, Drama, Family, Fantasy",727230,2015-05-18,"Pete Docter, Ronnie Del Carmen",Disney+,
124,tt1305806,2019-03-07,2019-03-07,,El secreto de sus ojos,https://www.imdb.com/title/tt1305806/,movie,8.2,129,2009,"Drama, Mystery, Romance, Thriller",212574,2009-08-13,Juan José Campanella,Buy or Rent,
125,tt1291584,2019-03-07,2019-03-07,,Warrior,https://www.imdb.com/title/tt1291584/,movie,8.2,140,2011,"Action, Drama, Sport",478797,2011-09-09,Gavin O'Connor,Buy or Rent,
126,tt0993846,2019-03-07,2019-03-07,,The Wolf of Wall Street,https://www.imdb.com/title/tt0993846/,movie,8.2,180,2013,"Biography, Comedy, Crime, Drama",1442200,2013-12-09,Martin Scorsese,Amazon Prime Video,
127,tt0469494,2019-03-07,2019-03-07,,There Will Be Blood,https://www.imdb.com/title/tt0469494/,movie,8.2,158,2007,Drama,596494,2007-09-27,Paul Thomas Anderson,Paramount+,
128,tt0457430,2019-03-07,2019-03-07,,El laberinto del fauno,https://www.imdb.com/title/tt0457430/,movie,8.2,118,2006,"Drama, Fantasy, War",676590,2006-05-27,Guillermo del Toro,Buy or Rent,
129,tt0434409,2019-03-07,2019-03-07,,V for Vendetta,https://www.imdb.com/title/tt0434409/,movie,8.2,132,2005,"Action, Drama, Sci-Fi, Thriller",1133318,2005-12-11,James McTeigue,Buy or Rent,
130,tt0372784,2019-03-07,2019-03-07,,Batman Begins,https://www.imdb.com/title/tt0372784/,movie,8.2,140,2005,"Action, Crime, Drama",1489492,2005-05-31,Christopher Nolan,HBO Max,
131,tt0363163,2019-03-07,2019-03-07,,Der Untergang,https://www.imdb.com/title/tt0363163/,movie,8.2,156,2004,"Biography, Drama, History, War",359954,2004-09-08,Oliver Hirschbiegel,Buy or Rent,
132,tt0347149,2019-03-07,2019-03-07,,Hauru no ugoku shiro,https://www.imdb.com/title/tt0347149/,movie,8.2,119,2004,"Animation, Adventure, Family, Fantasy",405073,2004-09-05,Hayao Miyazaki,HBO Max,
133,tt0268978,2019-03-07,2019-03-07,,A Beautiful Mind,https://www.imdb.com/title/tt0268978/,movie,8.2,135,2001,"Biography, Drama",943289,2001-12-13,Ron Howard,Buy or Rent,
134,tt0120735,2019-03-07,2019-03-07,,"Lock, Stock and Two Smoking Barrels",https://www.imdb.com/title/tt0120735/,movie,8.2,107,1998,"Action, Comedy, Crime",590437,1998-08-23,Guy Ritchie,Amazon Prime Video,
135,tt0117951,2019-03-07,2019-03-07,,Trainspotting,https://www.imdb.com/title/tt0117951/,movie,8.1,93,1996,Drama,695898,1996-02-23,Danny Boyle,Buy or Rent,
136,tt0113277,2019-03-07,2019-03-07,,Heat,https://www.imdb.com/title/tt0113277/,movie,8.3,170,1995,"Action, Crime, Drama",666404,1995-12-06,Michael Mann,Hulu,
137,tt0112641,2019-03-07,2019-03-07,,Casino,https://www.imdb.com/title/tt0112641/,movie,8.2,178,1995,"Crime, Drama",529191,1995-11-14,Martin Scorsese,Buy or Rent,
138,tt0105695,2019-03-07,2019-03-07,,Unforgiven,https://www.imdb.com/title/tt0105695/,movie,8.2,130,1992,"Drama, Western",417391,1992-08-03,Clint Eastwood,HBO Max,
139,tt0097576,2019-03-07,2019-03-07,,Indiana Jones and the Last Crusade,https://www.imdb.com/title/tt0097576/,movie,8.2,127,1989,"Action, Adventure",764801,1989-05-24,Steven Spielberg,Paramount+,
140,tt0096283,2019-03-07,2019-03-07,,Tonari no Totoro,https://www.imdb.com/title/tt0096283/,movie,8.1,86,1988,"Animation, Comedy, Family, Fantasy",347529,1988-04-16,Hayao Miyazaki,HBO Max,
141,tt0095016,2019-03-07,2019-03-07,,Die Hard,https://www.imdb.com/title/tt0095016/,movie,8.2,132,1988,"Action, Thriller",895118,1988-07-12,John McTiernan,Buy or Rent,
142,tt0091251,2019-03-07,2019-03-07,,Idi i smotri,https://www.imdb.com/title/tt0091251/,movie,8.4,142,1985,"Drama, Thriller, War",83603,1985-07-09,Elem Klimov,Buy or Rent,
143,tt0089881,2019-03-07,2019-03-07,,Ran,https://www.imdb.com/title/tt0089881/,movie,8.2,162,1985,"Action, Drama, War",127819,1985-05-25,Akira Kurosawa,Not found,
144,tt0083658,2019-03-07,2019-03-07,,Blade Runner,https://www.imdb.com/title/tt0083658/,movie,8.1,117,1982,"Action, Drama, Sci-Fi, Thriller",780868,1982-06-25,Ridley Scott,Buy or Rent,
145,tt0081398,2019-03-07,2019-03-07,,Raging Bull,https://www.imdb.com/title/tt0081398/,movie,8.2,129,1980,"Biography, Drama, Sport",359603,1980-11-13,Martin Scorsese,HBO Max,
146,tt0080678,2019-03-07,2019-03-07,,The Elephant Man,https://www.imdb.com/title/tt0080678/,movie,8.2,124,1980,"Biography, Drama",245526,1980-10-02,David Lynch,Buy or Rent,
147,tt0071315,2019-03-07,2019-03-07,,Chinatown,https://www.imdb.com/title/tt0071315/,movie,8.2,130,1974,"Drama, Mystery, Thriller",331829,1974-06-19,Roman Polanski,Buy or Rent,
148,tt0060107,2019-03-07,2019-03-07,,Andrey Rublyov,https://www.imdb.com/title/tt0060107/,movie,8.1,205,1966,"Biography, Drama, History",54766,1966-12-16,Andrei Tarkovsky,Buy or Rent,
149,tt0057115,2019-03-07,2019-03-07,,The Great Escape,https://www.imdb.com/title/tt0057115/,movie,8.2,172,1963,"Adventure, Drama, History, Thriller, War",247806,1963-06-20,John Sturges,HBO Max,
150,tt0055031,2019-03-07,2019-03-07,,Judgment at Nuremberg,https://www.imdb.com/title/tt0055031/,movie,8.3,179,1961,"Drama, War",79002,1961-12-14,Stanley Kramer,Amazon Prime Video,
151,tt0053291,2019-03-07,2019-03-07,,Some Like It Hot,https://www.imdb.com/title/tt0053291/,movie,8.2,121,1959,"Comedy, Music, Romance",271208,1959-03-19,Billy Wilder,Buy or Rent,
152,tt0050986,2019-03-07,2019-03-07,,Smultronstället,https://www.imdb.com/title/tt0050986/,movie,8.1,91,1957,"Drama, Romance",109086,1957-12-26,Ingmar Bergman,HBO Max,
153,tt0050976,2019-03-07,2019-03-07,,Det sjunde inseglet,https://www.imdb.com/title/tt0050976/,movie,8.1,96,1957,"Drama, Fantasy",188244,1957-02-16,Ingmar Bergman,HBO Max,
154,tt0050212,2019-03-07,2019-03-07,,The Bridge on the River Kwai,https://www.imdb.com/title/tt0050212/,movie,8.2,161,1957,"Adventure, Drama, War",223971,1957-10-02,David Lean,HBO Max,
155,tt0047296,2019-03-07,2019-03-07,,On the Waterfront,https://www.imdb.com/title/tt0047296/,movie,8.1,108,1954,"Crime, Drama, Thriller",157419,1954-06-22,Elia Kazan,HBO Max,
156,tt0046912,2019-03-07,2019-03-07,,Dial M for Murder,https://www.imdb.com/title/tt0046912/,movie,8.2,105,1954,"Crime, Thriller",178888,1954-05-19,Alfred Hitchcock,Buy or Rent,
157,tt0046438,2019-03-07,2019-03-07,,Tôkyô monogatari,https://www.imdb.com/title/tt0046438/,movie,8.2,136,1953,Drama,63344,1953-11-03,Yasujirô Ozu,HBO Max,
158,tt0041959,2019-03-07,2019-03-07,,The Third Man,https://www.imdb.com/title/tt0041959/,movie,8.1,104,1949,"Film-Noir, Mystery, Thriller",174056,1949-09-01,Carol Reed,Buy or Rent,
159,tt0040897,2019-03-07,2019-03-07,,The Treasure of the Sierra Madre,https://www.imdb.com/title/tt0040897/,movie,8.2,126,1948,"Adventure, Drama, Western",126706,1948-01-07,John Huston,HBO Max,
160,tt0031679,2019-03-07,2019-03-07,,Mr. Smith Goes to Washington,https://www.imdb.com/title/tt0031679/,movie,8.1,129,1939,"Comedy, Drama",116915,1939-10-17,Frank Capra,Buy or Rent,
161,tt0031381,2019-03-07,2019-03-07,,Gone with the Wind,https://www.imdb.com/title/tt0031381/,movie,8.2,238,1939,"Drama, Romance, War",320116,1939-12-15,"Sam Wood, George Cukor, Victor Fleming",HBO Max,
162,tt0019254,2019-03-07,2019-03-07,,La passion de Jeanne d'Arc,https://www.imdb.com/title/tt0019254/,movie,8.2,110,1928,"Biography, Drama, History",56598,1928-04-21,Carl Theodor Dreyer,HBO Max,
163,tt0018455,2019-03-07,2019-03-07,,Sunrise: A Song of Two Humans,https://www.imdb.com/title/tt0018455/,movie,8.1,94,1927,"Drama, Romance",51962,1927-09-23,F.W. Murnau,Buy or Rent,
164,tt0017925,2019-03-07,2019-03-07,,The General,https://www.imdb.com/title/tt0017925/,movie,8.1,67,1926,"Action, Adventure, Comedy, Drama, War",93080,1926-12-25,"Buster Keaton, Clyde Bruckman",Amazon Prime Video,
165,tt0015864,2019-03-07,2019-03-07,,The Gold Rush,https://www.imdb.com/title/tt0015864/,movie,8.1,95,1925,"Adventure, Comedy, Drama, Romance, Western",113009,1925-06-26,Charles Chaplin,Amazon Prime Video,
166,tt0015324,2019-03-07,2019-03-07,,Sherlock Jr.,https://www.imdb.com/title/tt0015324/,movie,8.2,45,1924,"Action, Comedy, Romance",51597,1924-04-17,Buster Keaton,Buy or Rent,
167,tt4857264,2019-03-07,2019-03-07,,Contratiempo,https://www.imdb.com/title/tt4857264/,movie,8.0,106,2016,"Crime, Drama, Mystery, Thriller",180766,2016-09-23,Oriol Paulo,Buy or Rent,
168,tt4016934,2019-03-07,2019-03-07,,Ah-ga-ssi,https://www.imdb.com/title/tt4016934/,movie,8.1,145,2016,"Drama, Romance, Thriller",153934,2016-05-14,Park Chan-wook,Amazon Prime Video,
169,tt3612616,2019-03-07,2019-03-07,,Mommy,https://www.imdb.com/title/tt3612616/,movie,8.0,139,2014,Drama,58642,2014-05-22,Xavier Dolan,Buy or Rent,
170,tt3315342,2019-03-07,2019-03-07,,Logan,https://www.imdb.com/title/tt3315342/,movie,8.1,137,2017,"Action, Drama, Sci-Fi, Thriller",777843,2017-02-17,James Mangold,Disney+,
171,tt3011894,2019-03-07,2019-03-07,,Relatos salvajes,https://www.imdb.com/title/tt3011894/,movie,8.1,122,2014,"Comedy, Drama, Thriller",202892,2014-05-17,Damián Szifron,Buy or Rent,
172,tt2278388,2019-03-07,2019-03-07,,The Grand Budapest Hotel,https://www.imdb.com/title/tt2278388/,movie,8.1,99,2014,"Adventure, Comedy, Crime",827121,2014-02-06,Wes Anderson,HBO Max,
173,tt2267998,2019-03-07,2019-03-07,,Gone Girl,https://www.imdb.com/title/tt2267998/,movie,8.1,149,2014,"Drama, Mystery, Thriller",998943,2014-09-26,David Fincher,HBO Max,
174,tt2119532,2019-03-07,2019-03-07,,Hacksaw Ridge,https://www.imdb.com/title/tt2119532/,movie,8.1,139,2016,"Biography, Drama, History, War",540797,2016-09-04,Mel Gibson,Hulu,
175,tt2024544,2019-03-07,2019-03-07,,12 Years a Slave,https://www.imdb.com/title/tt2024544/,movie,8.1,134,2013,"Biography, Drama, History",710544,2013-08-30,Steve McQueen,Buy or Rent,
176,tt2015381,2019-03-07,2019-03-07,,Guardians of the Galaxy,https://www.imdb.com/title/tt2015381/,movie,8.0,121,2014,"Action, Adventure, Comedy, Sci-Fi",1195751,2014-07-21,James Gunn,Disney+,
177,tt1979320,2019-03-07,2019-03-07,,Rush,https://www.imdb.com/title/tt1979320/,movie,8.1,123,2013,"Action, Biography, Drama, Sport",487069,2013-09-02,Ron Howard,Netflix,
178,tt1895587,2019-03-07,2019-03-07,,Spotlight,https://www.imdb.com/title/tt1895587/,movie,8.1,129,2015,"Biography, Crime, Drama",477881,2015-09-03,Tom McCarthy,HBO Max,
179,tt1865505,2019-03-07,2019-03-07,,Song of the Sea,https://www.imdb.com/title/tt1865505/,movie,8.0,93,2014,"Animation, Adventure, Drama, Family, Fantasy",59985,2014-09-06,Tomm Moore,Buy or Rent,
180,tt1727824,2019-03-07,2019-03-07,,Bohemian Rhapsody,https://www.imdb.com/title/tt1727824/,movie,7.9,134,2018,"Biography, Drama, Music",549624,2018-10-23,Bryan Singer,Buy or Rent,
181,tt1555149,2019-03-07,2019-03-07,,Tropa de Elite 2: O Inimigo Agora é Outro,https://www.imdb.com/title/tt1555149/,movie,8.0,115,2010,"Action, Crime, Drama, Thriller",84315,2010-10-08,José Padilha,Buy or Rent,
182,tt1454029,2019-03-07,2019-03-07,,The Help,https://www.imdb.com/title/tt1454029/,movie,8.1,146,2011,Drama,467253,2011-08-09,Tate Taylor,Hulu,
183,tt1392214,2019-03-07,2019-03-07,,Prisoners,https://www.imdb.com/title/tt1392214/,movie,8.1,153,2013,"Crime, Drama, Mystery, Thriller",734290,2013-08-30,Denis Villeneuve,Netflix,
184,tt1392190,2019-03-07,2019-03-07,,Mad Max: Fury Road,https://www.imdb.com/title/tt1392190/,movie,8.1,120,2015,"Action, Adventure, Sci-Fi, Thriller",1019192,2015-05-07,George Miller,Buy or Rent,
185,tt1205489,2019-03-07,2019-03-07,,Gran Torino,https://www.imdb.com/title/tt1205489/,movie,8.1,116,2008,Drama,784281,2008-12-09,Clint Eastwood,Buy or Rent,
186,tt1201607,2019-03-07,2019-03-07,,Harry Potter and the Deathly Hallows: Part 2,https://www.imdb.com/title/tt1201607/,movie,8.1,130,2011,"Adventure, Family, Fantasy, Mystery",891195,2011-07-07,David Yates,HBO Max,
187,tt1171701,2019-03-07,2019-03-07,,Nefes: Vatan Sagolsun,https://www.imdb.com/title/tt1171701/,movie,8.0,128,2009,"Action, Drama, Thriller, War",34257,2009-10-16,Levent Semerci,Buy or Rent,
188,tt1130884,2019-03-07,2019-03-07,,Shutter Island,https://www.imdb.com/title/tt1130884/,movie,8.2,138,2010,"Mystery, Thriller",1342337,2010-02-13,Martin Scorsese,Paramount+,
189,tt1069238,2019-03-07,2019-03-07,,Okuribito,https://www.imdb.com/title/tt1069238/,movie,8.0,130,2008,Drama,53022,2008-08-23,Yôjirô Takita,Buy or Rent,
190,tt1028532,2019-03-07,2019-03-07,,Hachi: A Dog's Tale,https://www.imdb.com/title/tt1028532/,movie,8.1,93,2009,"Biography, Drama, Family",291683,2009-06-13,Lasse Hallström,Netflix,
191,tt0978762,2019-03-07,2019-03-07,,Mary and Max.,https://www.imdb.com/title/tt0978762/,movie,8.1,92,2009,"Animation, Comedy, Drama",179665,2009-01-15,Adam Elliot,Buy or Rent,
192,tt0892769,2019-03-07,2019-03-07,,How to Train Your Dragon,https://www.imdb.com/title/tt0892769/,movie,8.1,98,2010,"Animation, Action, Adventure, Comedy, Family, Fantasy",752808,2010-03-18,"Dean DeBlois, Chris Sanders",Netflix,
193,tt0861739,2019-03-07,2019-03-07,,Tropa de Elite,https://www.imdb.com/title/tt0861739/,movie,8.0,115,2007,"Action, Crime, Drama, Thriller",106033,2007-08-17,José Padilha,Buy or Rent,
194,tt0848228,2019-03-07,2019-03-07,,The Avengers,https://www.imdb.com/title/tt0848228/,movie,8.0,143,2012,"Action, Sci-Fi",1405681,2012-04-11,Joss Whedon,Disney+,
195,tt0808417,2019-03-07,2019-03-07,,Persepolis,https://www.imdb.com/title/tt0808417/,movie,8.0,96,2007,"Animation, Biography, Drama, History, War",96479,2007-05-23,"Marjane Satrapi, Vincent Paronnaud",Buy or Rent,
196,tt0758758,2019-03-07,2019-03-07,,Into the Wild,https://www.imdb.com/title/tt0758758/,movie,8.1,148,2007,"Adventure, Biography, Drama",630820,2007-09-01,Sean Penn,Paramount+,
197,tt0477348,2019-03-07,2019-03-07,,No Country for Old Men,https://www.imdb.com/title/tt0477348/,movie,8.2,122,2007,"Crime, Drama, Thriller",990514,2007-05-19,"Ethan Coen, Joel Coen",HBO Max,
198,tt0423866,2019-03-07,2019-03-07,,Bin-jip,https://www.imdb.com/title/tt0423866/,movie,7.9,88,2004,"Crime, Drama, Romance",56231,2004-09-07,Kim Ki-duk,Buy or Rent,
199,tt0405159,2019-03-07,2019-03-07,,Million Dollar Baby,https://www.imdb.com/title/tt0405159/,movie,8.1,132,2004,"Drama, Sport",695322,2004-12-05,Clint Eastwood,HBO Max,
200,tt0395169,2019-03-07,2019-03-07,,Hotel Rwanda,https://www.imdb.com/title/tt0395169/,movie,8.1,121,2004,"Biography, Drama, History, War",359873,2004-09-11,Terry George,HBO Max,
201,tt0386064,2019-03-07,2019-03-07,,Taegukgi hwinalrimyeo,https://www.imdb.com/title/tt0386064/,movie,8.0,140,2004,"Action, Drama, War",40218,2004-02-03,Je-kyu Kang,Not found,
202,tt0381681,2019-03-07,2019-03-07,,Before Sunset,https://www.imdb.com/title/tt0381681/,movie,8.1,80,2004,"Drama, Romance",270610,2004-02-10,Richard Linklater,HBO Max,
203,tt0374546,2019-03-07,2019-03-07,,Bom yeoreum gaeul gyeoul geurigo bom,https://www.imdb.com/title/tt0374546/,movie,8.0,103,2003,"Drama, Romance",84329,2003-08-14,Kim Ki-duk,Buy or Rent,
204,tt0353969,2019-03-07,2019-03-07,,Salinui chueok,https://www.imdb.com/title/tt0353969/,movie,8.1,131,2003,"Crime, Drama, Mystery, Thriller",191806,2003-05-02,Bong Joon Ho,Hulu,
205,tt0270053,2019-03-07,2019-03-07,,Vizontele,https://www.imdb.com/title/tt0270053/,movie,8.0,110,2001,"Comedy, Drama",37427,2001-02-02,"Ömer Faruk Sorak, Yilmaz Erdogan",Netflix,
206,tt0266697,2019-03-07,2019-03-07,,Kill Bill: Vol. 1,https://www.imdb.com/title/tt0266697/,movie,8.2,111,2003,"Action, Crime, Drama, Thriller",1130402,2003-09-29,Quentin Tarantino,Buy or Rent,
207,tt0266543,2019-03-07,2019-03-07,,Finding Nemo,https://www.imdb.com/title/tt0266543/,movie,8.2,100,2003,"Animation, Adventure, Comedy, Family",1057028,2003-05-18,"Andrew Stanton, Lee Unkrich",Disney+,
208,tt0264464,2019-03-07,2019-03-07,,Catch Me If You Can,https://www.imdb.com/title/tt0264464/,movie,8.1,141,2002,"Biography, Crime, Drama",1006281,2002-12-16,Steven Spielberg,HBO Max,
209,tt0246578,2019-03-07,2019-03-07,,Donnie Darko,https://www.imdb.com/title/tt0246578/,movie,8.0,113,2001,"Drama, Mystery, Sci-Fi, Thriller",812969,2001-01-19,Richard Kelly,HBO Max,
210,tt0245712,2019-03-07,2019-03-07,,Amores perros,https://www.imdb.com/title/tt0245712/,movie,8.1,154,2000,"Drama, Thriller",243913,2000-05-14,Alejandro G. Iñárritu,Buy or Rent,
211,tt0198781,2019-03-07,2019-03-07,,"Monsters, Inc.",https://www.imdb.com/title/tt0198781/,movie,8.1,92,2001,"Animation, Adventure, Comedy, Family, Fantasy",922786,2001-10-28,"David Silverman, Pete Docter, Lee Unkrich",Disney+,
212,tt0167404,2019-03-07,2019-03-07,,The Sixth Sense,https://www.imdb.com/title/tt0167404/,movie,8.2,107,1999,"Drama, Mystery, Thriller",1003676,1999-08-02,M. Night Shyamalan,Paramount+,
213,tt0154420,2019-03-07,2019-03-07,,Festen,https://www.imdb.com/title/tt0154420/,movie,8.1,105,1998,Drama,89075,1998-05-17,Thomas Vinterberg,Buy or Rent,
214,tt0120731,2019-03-07,2019-03-07,,La leggenda del pianista sull'oceano,https://www.imdb.com/title/tt0120731/,movie,8.0,169,1998,"Drama, Music, Romance",65992,1998-10-28,Giuseppe Tornatore,Buy or Rent,
215,tt0120382,2019-03-07,2019-03-07,,The Truman Show,https://www.imdb.com/title/tt0120382/,movie,8.2,103,1998,"Comedy, Drama",1103078,1998-06-01,Peter Weir,Buy or Rent,
216,tt0118715,2019-03-07,2019-03-07,,The Big Lebowski,https://www.imdb.com/title/tt0118715/,movie,8.1,117,1998,"Comedy, Crime",819774,1998-01-18,"Ethan Coen, Joel Coen",Amazon Prime Video,
217,tt0118694,2019-03-07,2019-03-07,,Fa yeung nin wah,https://www.imdb.com/title/tt0118694/,movie,8.1,98,2000,"Drama, Romance",154753,2000-05-20,Kar-Wai Wong,Not found,
218,tt0116282,2019-03-07,2019-03-07,,Fargo,https://www.imdb.com/title/tt0116282/,movie,8.1,98,1996,"Crime, Thriller",687297,1996-03-08,"Ethan Coen, Joel Coen",Buy or Rent,
219,tt0114787,2019-03-07,2019-03-07,,Underground,https://www.imdb.com/title/tt0114787/,movie,8.1,170,1995,"Comedy, Drama, Fantasy, War",59331,1995-04-01,Emir Kusturica,Not found,
220,tt0113247,2019-03-07,2019-03-07,,La haine,https://www.imdb.com/title/tt0113247/,movie,8.1,98,1995,"Crime, Drama",178637,1995-05-27,Mathieu Kassovitz,Buy or Rent,
221,tt0112471,2019-03-07,2019-03-07,,Before Sunrise,https://www.imdb.com/title/tt0112471/,movie,8.1,101,1995,"Drama, Romance",316307,1995-01-19,Richard Linklater,HBO Max,
222,tt0111495,2019-03-07,2019-03-07,,Trois couleurs: Rouge,https://www.imdb.com/title/tt0111495/,movie,8.1,99,1994,"Drama, Mystery, Romance",105480,1994-05-16,Krzysztof Kieslowski,HBO Max,
223,tt0109424,2019-03-07,2019-03-07,,Chung Hing sam lam,https://www.imdb.com/title/tt0109424/,movie,8.0,102,1994,"Comedy, Crime, Drama, Mystery, Romance",86053,1994-07-14,Kar-Wai Wong,HBO Max,
224,tt0107290,2019-03-07,2019-03-07,,Jurassic Park,https://www.imdb.com/title/tt0107290/,movie,8.2,127,1993,"Action, Adventure, Sci-Fi, Thriller",1003946,1993-06-09,Steven Spielberg,Buy or Rent,
225,tt0107207,2019-03-07,2019-03-07,,In the Name of the Father,https://www.imdb.com/title/tt0107207/,movie,8.1,133,1993,"Biography, Crime, Drama",178352,1993-12-12,Jim Sheridan,Buy or Rent,
226,tt0097165,2019-03-07,2019-03-07,,Dead Poets Society,https://www.imdb.com/title/tt0097165/,movie,8.1,128,1989,"Comedy, Drama",502668,1989-06-02,Peter Weir,Buy or Rent,
227,tt0094625,2019-03-07,2019-03-07,,Akira,https://www.imdb.com/title/tt0094625/,movie,8.0,124,1988,"Animation, Action, Drama, Fantasy, Sci-Fi, Thriller",191255,1988-07-16,Katsuhiro Ôtomo,Hulu,
228,tt0093779,2019-03-07,2019-03-07,,The Princess Bride,https://www.imdb.com/title/tt0093779/,movie,8.0,98,1987,"Adventure, Comedy, Family, Fantasy, Romance",433087,1987-09-18,Rob Reiner,Disney+,
229,tt0093191,2019-03-07,2019-03-07,,Der Himmel über Berlin,https://www.imdb.com/title/tt0093191/,movie,8.0,128,1987,"Drama, Fantasy, Romance",72838,1987-05-17,Wim Wenders,HBO Max,
230,tt0092067,2019-03-07,2019-03-07,,Tenkû no shiro Rapyuta,https://www.imdb.com/title/tt0092067/,movie,8.0,125,1986,"Animation, Adventure, Family, Fantasy",170132,1986-08-02,Hayao Miyazaki,HBO Max,
231,tt0092005,2019-03-07,2019-03-07,,Stand by Me,https://www.imdb.com/title/tt0092005/,movie,8.1,89,1986,"Adventure, Drama",412419,1986-08-06,Rob Reiner,Netflix,
232,tt0091763,2019-03-07,2019-03-07,,Platoon,https://www.imdb.com/title/tt0091763/,movie,8.1,120,1986,"Drama, War",420218,1986-12-19,Oliver Stone,HBO Max,
233,tt0087884,2019-03-07,2019-03-07,,"Paris, Texas",https://www.imdb.com/title/tt0087884/,movie,8.1,145,1984,Drama,109283,1984-05-19,Wim Wenders,HBO Max,
234,tt0087544,2019-03-07,2019-03-07,,Kaze no tani no Naushika,https://www.imdb.com/title/tt0087544/,movie,8.0,117,1984,"Animation, Adventure, Sci-Fi",172432,1984-03-11,Hayao Miyazaki,HBO Max,
235,tt0084787,2019-03-07,2019-03-07,,The Thing,https://www.imdb.com/title/tt0084787/,movie,8.2,109,1982,"Horror, Mystery, Sci-Fi",433462,1982-06-25,John Carpenter,Buy or Rent,
236,tt0083987,2019-03-07,2019-03-07,,Gandhi,https://www.imdb.com/title/tt0083987/,movie,8.0,191,1982,"Biography, Drama, History",235226,1982-11-30,Richard Attenborough,Buy or Rent,
237,tt0083946,2019-03-07,2019-03-07,,Fitzcarraldo,https://www.imdb.com/title/tt0083946/,movie,8.0,158,1982,"Adventure, Drama",36143,1982-03-04,Werner Herzog,Buy or Rent,
238,tt0083922,2019-03-07,2019-03-07,,Fanny och Alexander,https://www.imdb.com/title/tt0083922/,movie,8.1,188,1982,Drama,65118,1982-12-17,Ingmar Bergman,HBO Max,
239,tt0079944,2019-03-07,2019-03-07,,Stalker,https://www.imdb.com/title/tt0079944/,movie,8.1,162,1979,"Drama, Sci-Fi",137103,1979-05-31,Andrei Tarkovsky,Buy or Rent,
240,tt0079470,2019-03-07,2019-03-07,,Life of Brian,https://www.imdb.com/title/tt0079470/,movie,8.0,94,1979,Comedy,405620,1979-08-17,Terry Jones,Netflix,
241,tt0077416,2019-03-07,2019-03-07,,The Deer Hunter,https://www.imdb.com/title/tt0077416/,movie,8.1,183,1978,"Drama, War",344184,1978-12-08,Michael Cimino,Buy or Rent,
242,tt0075148,2019-03-07,2019-03-07,,Rocky,https://www.imdb.com/title/tt0075148/,movie,8.1,120,1976,"Drama, Sport",590838,1976-11-20,John G. Avildsen,Netflix,
243,tt0074958,2019-03-07,2019-03-07,,Network,https://www.imdb.com/title/tt0074958/,movie,8.1,121,1976,Drama,162049,1976-11-14,Sidney Lumet,HBO Max,
244,tt0072684,2019-03-07,2019-03-07,,Barry Lyndon,https://www.imdb.com/title/tt0072684/,movie,8.1,185,1975,"Adventure, Drama, War",171918,1975-12-11,Stanley Kubrick,Buy or Rent,
245,tt0072443,2019-03-07,2019-03-07,,Zerkalo,https://www.imdb.com/title/tt0072443/,movie,8.0,107,1975,"Biography, Drama",48523,1975-03-07,Andrei Tarkovsky,Buy or Rent,
246,tt0070510,2019-03-07,2019-03-07,,Paper Moon,https://www.imdb.com/title/tt0070510/,movie,8.1,102,1973,"Comedy, Crime, Drama",49220,1973-04-09,Peter Bogdanovich,Buy or Rent,
247,tt0069467,2019-03-07,2019-03-07,,Viskningar och rop,https://www.imdb.com/title/tt0069467/,movie,8.0,91,1972,Drama,35122,1972-12-21,Ingmar Bergman,HBO Max,
248,tt0069293,2019-03-07,2019-03-07,,Solyaris,https://www.imdb.com/title/tt0069293/,movie,8.0,167,1972,"Drama, Mystery, Sci-Fi",93598,1972-02-05,Andrei Tarkovsky,HBO Max,
249,tt0067328,2019-03-07,2019-03-07,,The Last Picture Show,https://www.imdb.com/title/tt0067328/,movie,8.0,118,1971,"Drama, Romance",49560,1971-10-02,Peter Bogdanovich,Buy or Rent,
250,tt0064115,2019-03-07,2019-03-07,,Butch Cassidy and the Sundance Kid,https://www.imdb.com/title/tt0064115/,movie,8.0,110,1969,"Biography, Crime, Drama, Western",219291,1969-09-23,George Roy Hill,HBO Max,
251,tt0063227,2019-03-07,2019-03-07,,The Lion in Winter,https://www.imdb.com/title/tt0063227/,movie,7.9,134,1968,"Biography, Drama, History",32312,1968-10-30,Anthony Harvey,Buy or Rent,
252,tt0062229,2019-03-07,2019-03-07,,Le Samouraï,https://www.imdb.com/title/tt0062229/,movie,8.0,105,1967,"Crime, Drama",53061,1967-10-25,Jean-Pierre Melville,HBO Max,
253,tt0061512,2019-03-07,2019-03-07,,Cool Hand Luke,https://www.imdb.com/title/tt0061512/,movie,8.1,127,1967,"Crime, Drama",179925,1967-11-01,Stuart Rosenberg,HBO Max,
254,tt0060827,2019-03-07,2019-03-07,,Persona,https://www.imdb.com/title/tt0060827/,movie,8.1,85,1966,"Drama, Thriller",122118,1966-10-18,Ingmar Bergman,HBO Max,
255,tt0058946,2019-03-07,2019-03-07,,La battaglia di Algeri,https://www.imdb.com/title/tt0058946/,movie,8.1,121,1966,"Drama, War",61774,1966-08-31,Gillo Pontecorvo,HBO Max,
256,tt0056801,2019-03-07,2019-03-07,,8½,https://www.imdb.com/title/tt0056801/,movie,8.0,138,1963,Drama,120301,1963-01-02,Federico Fellini,HBO Max,
257,tt0056687,2019-03-07,2019-03-07,,What Ever Happened to Baby Jane?,https://www.imdb.com/title/tt0056687/,movie,8.0,134,1962,"Drama, Horror, Thriller",58104,1962-10-12,Robert Aldrich,HBO Max,
258,tt0056443,2019-03-07,2019-03-07,,Tsubaki Sanjûrô,https://www.imdb.com/title/tt0056443/,movie,8.0,96,1962,"Action, Drama, Thriller",39115,1962-01-01,Akira Kurosawa,Not found,
259,tt0056217,2019-03-07,2019-03-07,,The Man Who Shot Liberty Valance,https://www.imdb.com/title/tt0056217/,movie,8.1,123,1962,"Drama, Western",78233,1962-04-13,John Ford,Amazon Prime Video,
260,tt0056111,2019-03-07,2019-03-07,,Ivanovo detstvo,https://www.imdb.com/title/tt0056111/,movie,8.0,95,1962,"Drama, War",37714,1962-04-06,"Eduard Abalov, Andrei Tarkovsky",Buy or Rent,
261,tt0053779,2019-03-07,2019-03-07,,La dolce vita,https://www.imdb.com/title/tt0053779/,movie,8.0,174,1960,"Comedy, Drama",74920,1960-02-03,Federico Fellini,Not found,
262,tt0053198,2019-03-07,2019-03-07,,Les quatre cents coups,https://www.imdb.com/title/tt0053198/,movie,8.1,99,1959,"Crime, Drama",120845,1959-05-04,François Truffaut,HBO Max,
263,tt0052618,2019-03-07,2019-03-07,,Ben-Hur,https://www.imdb.com/title/tt0052618/,movie,8.1,212,1959,"Adventure, Drama",242964,1959-11-18,William Wyler,HBO Max,
264,tt0051808,2019-03-07,2019-03-07,,Kakushi-toride no san-akunin,https://www.imdb.com/title/tt0051808/,movie,8.1,139,1958,"Action, Adventure, Drama",40093,1958-12-28,Akira Kurosawa,HBO Max,
265,tt0051459,2019-03-07,2019-03-07,,Cat on a Hot Tin Roof,https://www.imdb.com/title/tt0051459/,movie,7.9,108,1958,Drama,50868,1958-08-23,Richard Brooks,HBO Max,
266,tt0050783,2019-03-07,2019-03-07,,Le notti di Cabiria,https://www.imdb.com/title/tt0050783/,movie,8.1,110,1957,Drama,50049,1957-05-11,Federico Fellini,Buy or Rent,
267,tt0050613,2019-03-07,2019-03-07,,Kumonosu-jô,https://www.imdb.com/title/tt0050613/,movie,8.1,110,1957,"Drama, History",53395,1957-01-15,Akira Kurosawa,HBO Max,
268,tt0047528,2019-03-07,2019-03-07,,La strada,https://www.imdb.com/title/tt0047528/,movie,8.0,108,1954,Drama,64392,1954-09-06,Federico Fellini,HBO Max,
269,tt0046911,2019-03-07,2019-03-07,,Les diaboliques,https://www.imdb.com/title/tt0046911/,movie,8.1,117,1955,"Crime, Drama, Horror, Mystery, Thriller",66976,1955-01-29,Henri-Georges Clouzot,HBO Max,
270,tt0046268,2019-03-07,2019-03-07,,Le salaire de la peur,https://www.imdb.com/title/tt0046268/,movie,8.2,131,1953,"Adventure, Drama, Thriller",62633,1953-04-15,Henri-Georges Clouzot,HBO Max,
271,tt0046250,2019-03-07,2019-03-07,,Roman Holiday,https://www.imdb.com/title/tt0046250/,movie,8.0,118,1953,"Comedy, Romance",141339,1953-08-20,William Wyler,Paramount+,
272,tt0041546,2019-03-07,2019-03-07,,Kind Hearts and Coronets,https://www.imdb.com/title/tt0041546/,movie,8.0,106,1949,"Comedy, Crime",38208,1949-06-23,Robert Hamer,Buy or Rent,
273,tt0037558,2019-03-07,2019-03-07,,Brief Encounter,https://www.imdb.com/title/tt0037558/,movie,8.0,86,1945,"Drama, Romance",41431,1945-11-19,David Lean,HBO Max,
274,tt0036868,2019-03-07,2019-03-07,,The Best Years of Our Lives,https://www.imdb.com/title/tt0036868/,movie,8.1,170,1946,"Drama, Romance, War",66394,1946-11-21,William Wyler,Amazon Prime Video,
275,tt0033870,2019-03-07,2019-03-07,,The Maltese Falcon,https://www.imdb.com/title/tt0033870/,movie,8.0,100,1941,"Crime, Film-Noir, Mystery, Romance",161116,1941-10-03,John Huston,HBO Max,
276,tt0032976,2019-03-07,2019-03-07,,Rebecca,https://www.imdb.com/title/tt0032976/,movie,8.1,130,1940,"Drama, Film-Noir, Mystery, Romance, Thriller",139709,1940-03-21,Alfred Hitchcock,Not found,
277,tt0032551,2019-03-07,2019-03-07,,The Grapes of Wrath,https://www.imdb.com/title/tt0032551/,movie,8.1,129,1940,Drama,95322,1940-01-24,John Ford,Buy or Rent,
278,tt0028950,2019-03-07,2019-03-07,,La grande illusion,https://www.imdb.com/title/tt0028950/,movie,8.1,113,1937,"Drama, War",37431,1937-06-08,Jean Renoir,Buy or Rent,
279,tt0025316,2019-03-07,2019-03-07,,It Happened One Night,https://www.imdb.com/title/tt0025316/,movie,8.1,105,1934,"Comedy, Romance",106307,1934-02-18,Frank Capra,Buy or Rent,
280,tt0020629,2019-03-07,2019-03-07,,All Quiet on the Western Front,https://www.imdb.com/title/tt0020629/,movie,8.1,152,1930,"Drama, War",64881,1930-04-21,Lewis Milestone,Netflix,
281,tt0010323,2019-03-07,2019-03-07,,Das Cabinet des Dr. Caligari,https://www.imdb.com/title/tt0010323/,movie,8.0,76,1920,"Horror, Mystery, Thriller",65895,1920-02-26,Robert Wiene,Buy or Rent,
282,tt3783958,2019-03-07,2019-03-07,,La La Land,https://www.imdb.com/title/tt3783958/,movie,8.0,128,2016,"Comedy, Drama, Music, Musical, Romance",606239,2016-08-31,Damien Chazelle,Netflix,
283,tt3659388,2019-03-07,2019-03-07,,The Martian,https://www.imdb.com/title/tt3659388/,movie,8.0,144,2015,"Adventure, Drama, Sci-Fi",869924,2015-09-11,Ridley Scott,Buy or Rent,
284,tt3544112,2019-03-07,2019-03-07,,Sing Street,https://www.imdb.com/title/tt3544112/,movie,7.9,106,2016,"Comedy, Drama, Music, Romance",96554,2016-01-24,John Carney,Buy or Rent,
285,tt2948356,2019-03-07,2019-03-07,,Zootopia,https://www.imdb.com/title/tt2948356/,movie,8.0,108,2016,"Animation, Adventure, Comedy, Crime, Family, Mystery",509849,2016-02-10,"Rich Moore, Jared Bush, Byron Howard",Disney+,
286,tt2576852,2019-03-07,2019-03-07,,Kaguya-hime no monogatari,https://www.imdb.com/title/tt2576852/,movie,8.0,137,2013,"Animation, Drama, Family, Fantasy",48829,2013-11-23,Isao Takahata,HBO Max,
287,tt2543472,2019-03-07,2019-03-07,,Wonder,https://www.imdb.com/title/tt2543472/,movie,7.9,113,2017,"Drama, Family",168516,2017-11-14,Stephen Chbosky,Buy or Rent,
288,tt2370248,2019-03-07,2019-03-07,,Short Term 12,https://www.imdb.com/title/tt2370248/,movie,7.9,96,2013,Drama,89159,2013-03-10,Destin Daniel Cretton,Buy or Rent,
289,tt2265171,2019-03-07,2019-03-07,,Serbuan maut 2: Berandal,https://www.imdb.com/title/tt2265171/,movie,7.9,150,2014,"Action, Crime, Thriller",125889,2014-01-21,Gareth Evans,Netflix,
290,tt2084970,2019-03-07,2019-03-07,,The Imitation Game,https://www.imdb.com/title/tt2084970/,movie,8.0,114,2014,"Biography, Drama, Thriller, War",782600,2014-08-29,Morten Tyldum,Buy or Rent,
291,tt1877832,2019-03-07,2019-03-07,,X-Men: Days of Future Past,https://www.imdb.com/title/tt1877832/,movie,7.9,132,2014,"Action, Adventure, Sci-Fi, Thriller",720648,2014-05-10,Bryan Singer,Disney+,
292,tt1856101,2019-03-07,2019-03-07,,Blade Runner 2049,https://www.imdb.com/title/tt1856101/,movie,8.0,164,2017,"Action, Drama, Mystery, Sci-Fi, Thriller",591942,2017-10-03,Denis Villeneuve,Hulu,
293,tt1798709,2019-03-07,2019-03-07,,Her,https://www.imdb.com/title/tt1798709/,movie,8.0,126,2013,"Drama, Romance, Sci-Fi",627841,2013-10-12,Spike Jonze,Buy or Rent,
294,tt1663202,2019-03-07,2019-03-07,,The Revenant,https://www.imdb.com/title/tt1663202/,movie,8.0,156,2015,"Action, Adventure, Drama, Western",819607,2015-12-16,Alejandro G. Iñárritu,Buy or Rent,
295,tt1659337,2019-03-07,2019-03-07,,The Perks of Being a Wallflower,https://www.imdb.com/title/tt1659337/,movie,7.9,103,2012,Drama,521743,2012-09-08,Stephen Chbosky,Hulu,
296,tt1504320,2019-03-07,2019-03-07,,The King's Speech,https://www.imdb.com/title/tt1504320/,movie,8.0,118,2010,"Biography, Drama, History",688136,2010-09-06,Tom Hooper,Amazon Prime Video,
297,tt1431045,2019-03-07,2019-03-07,,Deadpool,https://www.imdb.com/title/tt1431045/,movie,8.0,108,2016,"Action, Comedy",1055115,2016-01-21,Tim Miller,Disney+,
298,tt1220719,2019-03-07,2019-03-07,,Ip Man,https://www.imdb.com/title/tt1220719/,movie,8.0,106,2008,"Action, Biography, Drama, History",226752,2008-12-12,Wilson Yip,Buy or Rent,
299,tt1185616,2019-03-07,2019-03-07,,Vals Im Bashir,https://www.imdb.com/title/tt1185616/,movie,8.0,90,2008,"Documentary, Animation, Biography, Drama, History, Mystery, War",58718,2008-05-15,Ari Folman,Buy or Rent,
300,tt1010048,2019-03-07,2019-03-07,,Slumdog Millionaire,https://www.imdb.com/title/tt1010048/,movie,8.0,120,2008,"Crime, Drama, Romance",854218,2008-08-30,"Loveleen Tandan, Danny Boyle",HBO Max,
301,tt0947798,2019-03-07,2019-03-07,,Black Swan,https://www.imdb.com/title/tt0947798/,movie,8.0,108,2010,"Drama, Thriller",781092,2010-09-01,Darren Aronofsky,Hulu,
302,tt0796366,2019-03-07,2019-03-07,,Star Trek,https://www.imdb.com/title/tt0796366/,movie,7.9,127,2009,"Action, Adventure, Sci-Fi",608082,2009-04-06,J.J. Abrams,Paramount+,
303,tt0790636,2019-03-07,2019-03-07,,Dallas Buyers Club,https://www.imdb.com/title/tt0790636/,movie,7.9,117,2013,"Biography, Drama",496575,2013-09-07,Jean-Marc Vallée,Buy or Rent,
304,tt0454921,2019-03-07,2019-03-07,,The Pursuit of Happyness,https://www.imdb.com/title/tt0454921/,movie,8.0,117,2006,"Biography, Drama",524497,2006-12-15,Gabriele Muccino,Netflix,
305,tt0450259,2019-03-07,2019-03-07,,Blood Diamond,https://www.imdb.com/title/tt0450259/,movie,8.0,143,2006,"Adventure, Drama, Thriller",559221,2006-12-06,Edward Zwick,HBO Max,
306,tt0440963,2019-03-07,2019-03-07,,The Bourne Ultimatum,https://www.imdb.com/title/tt0440963/,movie,8.0,115,2007,"Action, Mystery, Thriller",640721,2007-07-25,Paul Greengrass,Netflix,
307,tt0401792,2019-03-07,2019-03-07,,Sin City,https://www.imdb.com/title/tt0401792/,movie,8.0,124,2005,"Crime, Thriller",775871,2005-03-28,"Frank Miller, Quentin Tarantino, Robert Rodriguez",HBO Max,
308,tt0401383,2019-03-07,2019-03-07,,Le scaphandre et le papillon,https://www.imdb.com/title/tt0401383/,movie,8.0,112,2007,"Biography, Drama",108587,2007-05-22,Julian Schnabel,Buy or Rent,
309,tt0382932,2019-03-07,2019-03-07,,Ratatouille,https://www.imdb.com/title/tt0382932/,movie,8.1,111,2007,"Animation, Adventure, Comedy, Family, Fantasy",754781,2007-06-22,"Brad Bird, Jan Pinkava",Disney+,
310,tt0381061,2019-03-07,2019-03-07,,Casino Royale,https://www.imdb.com/title/tt0381061/,movie,8.0,144,2006,"Action, Adventure, Thriller",666492,2006-11-14,Martin Campbell,HBO Max,
311,tt0378194,2019-03-07,2019-03-07,,Kill Bill: Vol. 2,https://www.imdb.com/title/tt0378194/,movie,8.0,137,2004,"Action, Crime, Thriller",767486,2004-04-08,Quentin Tarantino,Buy or Rent,
312,tt0376968,2019-03-07,2019-03-07,,Vozvrashchenie,https://www.imdb.com/title/tt0376968/,movie,7.9,110,2003,Drama,46195,2003-06-25,Andrey Zvyagintsev,Not found,
313,tt0352248,2019-03-07,2019-03-07,,Cinderella Man,https://www.imdb.com/title/tt0352248/,movie,8.0,144,2005,"Biography, Drama, Romance, Sport",191007,2005-05-23,Ron Howard,Amazon Prime Video,
314,tt0327056,2019-03-07,2019-03-07,,Mystic River,https://www.imdb.com/title/tt0327056/,movie,7.9,138,2003,"Crime, Drama, Mystery, Thriller",464119,2003-05-23,Clint Eastwood,HBO Max,
315,tt0325980,2019-03-07,2019-03-07,,Pirates of the Caribbean: The Curse of the Black Pearl,https://www.imdb.com/title/tt0325980/,movie,8.1,143,2003,"Action, Adventure, Fantasy",1142857,2003-06-28,Gore Verbinski,Disney+,
316,tt0319061,2019-03-07,2019-03-07,,Big Fish,https://www.imdb.com/title/tt0319061/,movie,8.0,125,2003,"Adventure, Drama, Fantasy, Romance",445968,2003-12-04,Tim Burton,Buy or Rent,
317,tt0317705,2019-03-07,2019-03-07,,The Incredibles,https://www.imdb.com/title/tt0317705/,movie,8.0,115,2004,"Animation, Action, Adventure, Family",751956,2004-10-27,Brad Bird,Disney+,
318,tt0287467,2019-03-07,2019-03-07,,Hable con ella,https://www.imdb.com/title/tt0287467/,movie,7.9,112,2002,"Drama, Mystery, Romance",114324,2002-03-15,Pedro Almodóvar,Buy or Rent,
319,tt0283509,2019-03-07,2019-03-07,,No Man's Land,https://www.imdb.com/title/tt0283509/,movie,7.9,98,2001,"Comedy, Drama, War",47740,2001-05-12,Danis Tanovic,Buy or Rent,
320,tt0276919,2019-03-07,2019-03-07,,Dogville,https://www.imdb.com/title/tt0276919/,movie,8.0,178,2003,"Crime, Drama",151678,2003-05-19,Lars von Trier,Not found,
321,tt0175880,2019-03-07,2019-03-07,,Magnolia,https://www.imdb.com/title/tt0175880/,movie,8.0,188,1999,Drama,317413,1999-12-08,Paul Thomas Anderson,Buy or Rent,
322,tt0168629,2019-03-07,2019-03-07,,Dancer in the Dark,https://www.imdb.com/title/tt0168629/,movie,7.9,140,2000,"Crime, Drama, Musical",112119,2000-05-17,Lars von Trier,Buy or Rent,
323,tt0166924,2019-03-07,2019-03-07,,Mulholland Dr.,https://www.imdb.com/title/tt0166924/,movie,7.9,147,2001,"Drama, Mystery, Thriller",363384,2001-05-16,David Lynch,Not found,
324,tt0166896,2019-03-07,2019-03-07,,The Straight Story,https://www.imdb.com/title/tt0166896/,movie,8.0,112,1999,"Biography, Drama",92491,1999-05-21,David Lynch,Disney+,
325,tt0129167,2019-03-07,2019-03-07,,The Iron Giant,https://www.imdb.com/title/tt0129167/,movie,8.1,86,1999,"Animation, Action, Adventure, Comedy, Drama, Family, Sci-Fi",205357,1999-07-31,Brad Bird,Buy or Rent,
326,tt0117666,2019-03-07,2019-03-07,,Sling Blade,https://www.imdb.com/title/tt0117666/,movie,8.0,135,1996,Drama,95582,1996-08-30,Billy Bob Thornton,Not found,
327,tt0117589,2019-03-07,2019-03-07,,Secrets & Lies,https://www.imdb.com/title/tt0117589/,movie,8.0,136,1996,"Comedy, Drama",44550,1996-05-10,Mike Leigh,Buy or Rent,
328,tt0114746,2019-03-07,2019-03-07,,Twelve Monkeys,https://www.imdb.com/title/tt0114746/,movie,8.0,129,1995,"Mystery, Sci-Fi, Thriller",625651,1995-12-08,Terry Gilliam,Buy or Rent,
329,tt0108394,2019-03-07,2019-03-07,,Trois couleurs: Bleu,https://www.imdb.com/title/tt0108394/,movie,7.9,94,1993,"Drama, Music, Mystery, Romance",104989,1993-09-03,Krzysztof Kieslowski,HBO Max,
330,tt0107688,2019-03-07,2019-03-07,,The Nightmare Before Christmas,https://www.imdb.com/title/tt0107688/,movie,7.9,76,1993,"Animation, Family, Fantasy, Musical",348913,1993-10-09,Henry Selick,Disney+,
331,tt0107048,2019-03-07,2019-03-07,,Groundhog Day,https://www.imdb.com/title/tt0107048/,movie,8.1,101,1993,"Comedy, Drama, Fantasy, Romance",644565,1993-02-02,Harold Ramis,Hulu,
332,tt0105323,2019-03-07,2019-03-07,,Scent of a Woman,https://www.imdb.com/title/tt0105323/,movie,8.0,156,1992,Drama,305272,1992-12-23,Martin Brest,Amazon Prime Video,
333,tt0103639,2019-03-07,2019-03-07,,Aladdin,https://www.imdb.com/title/tt0103639/,movie,8.0,90,1992,"Animation, Adventure, Comedy, Family, Fantasy, Musical, Romance",430414,1992-11-08,"Ron Clements, John Musker",Disney+,
334,tt0102138,2019-03-07,2019-03-07,,JFK,https://www.imdb.com/title/tt0102138/,movie,8.0,189,1991,"Drama, History, Thriller",160478,1991-12-19,Oliver Stone,HBO Max,
335,tt0101414,2019-03-07,2019-03-07,,Beauty and the Beast,https://www.imdb.com/title/tt0101414/,movie,8.0,84,1991,"Animation, Family, Fantasy, Musical, Romance",460948,1991-09-29,"Kirk Wise, Gary Trousdale",Disney+,
336,tt0099348,2019-03-07,2019-03-07,,Dances with Wolves,https://www.imdb.com/title/tt0099348/,movie,8.0,181,1990,"Adventure, Drama, Western",272888,1990-10-19,Kevin Costner,HBO Max,
337,tt0095953,2019-03-07,2019-03-07,,Rain Man,https://www.imdb.com/title/tt0095953/,movie,8.0,133,1988,Drama,522617,1988-12-12,Barry Levinson,HBO Max,
338,tt0088846,2019-03-07,2019-03-07,,Brazil,https://www.imdb.com/title/tt0088846/,movie,7.9,132,1985,"Drama, Sci-Fi",203969,1985-02-20,Terry Gilliam,Buy or Rent,
339,tt0088258,2019-03-07,2019-03-07,,This Is Spinal Tap,https://www.imdb.com/title/tt0088258/,movie,7.9,82,1984,"Comedy, Music",142026,1984-03-02,Rob Reiner,Buy or Rent,
340,tt0088247,2019-03-07,2019-03-07,,The Terminator,https://www.imdb.com/title/tt0088247/,movie,8.1,107,1984,"Action, Sci-Fi",877727,1984-10-26,James Cameron,HBO Max,
341,tt0085334,2019-03-07,2019-03-07,,A Christmas Story,https://www.imdb.com/title/tt0085334/,movie,7.9,93,1983,"Comedy, Family",160405,1983-11-18,Bob Clark,HBO Max,
342,tt0080979,2019-03-07,2019-03-07,,Kagemusha,https://www.imdb.com/title/tt0080979/,movie,7.9,180,1980,"Drama, History, War",36508,1980-04-23,Akira Kurosawa,Buy or Rent,
343,tt0079522,2019-03-07,2019-03-07,,Manhattan,https://www.imdb.com/title/tt0079522/,movie,7.8,96,1979,"Comedy, Drama, Romance",142235,1979-04-18,Woody Allen,Buy or Rent,
344,tt0078841,2019-03-07,2019-03-07,,Being There,https://www.imdb.com/title/tt0078841/,movie,8.0,130,1979,"Comedy, Drama",74258,1979-12-20,Hal Ashby,Buy or Rent,
345,tt0075686,2019-03-07,2019-03-07,,Annie Hall,https://www.imdb.com/title/tt0075686/,movie,8.0,93,1977,"Comedy, Romance",268908,1977-03-27,Woody Allen,Buy or Rent,
346,tt0074119,2019-03-07,2019-03-07,,All the President's Men,https://www.imdb.com/title/tt0074119/,movie,7.9,138,1976,"Drama, History, Thriller",118759,1976-04-04,Alan J. Pakula,HBO Max,
347,tt0073195,2019-03-07,2019-03-07,,Jaws,https://www.imdb.com/title/tt0073195/,movie,8.1,124,1975,"Adventure, Thriller",617351,1975-06-20,Steven Spielberg,Buy or Rent,
348,tt0072890,2019-03-07,2019-03-07,,Dog Day Afternoon,https://www.imdb.com/title/tt0072890/,movie,8.0,125,1975,"Biography, Crime, Drama, Thriller",261421,1975-09-19,Sidney Lumet,HBO Max,
349,tt0070511,2019-03-07,2019-03-07,,Papillon,https://www.imdb.com/title/tt0070511/,movie,8.0,151,1973,"Biography, Crime, Drama",133006,1973-12-16,Franklin J. Schaffner,Buy or Rent,
350,tt0070047,2019-03-07,2019-03-07,,The Exorcist,https://www.imdb.com/title/tt0070047/,movie,8.1,122,1973,Horror,416210,1973-12-26,William Friedkin,HBO Max,
351,tt0068182,2019-03-07,2019-03-07,,"Aguirre, der Zorn Gottes",https://www.imdb.com/title/tt0068182/,movie,7.8,95,1972,"Action, Adventure, Biography, Drama, History",58565,1972-12-29,Werner Herzog,Buy or Rent,
352,tt0067185,2019-03-07,2019-03-07,,Harold and Maude,https://www.imdb.com/title/tt0067185/,movie,7.9,91,1971,"Comedy, Drama, Romance",79044,1971-12-20,Hal Ashby,Paramount+,
353,tt0067093,2019-03-07,2019-03-07,,Fiddler on the Roof,https://www.imdb.com/title/tt0067093/,movie,8.0,181,1971,"Drama, Family, Musical, Romance",44990,1971-10-21,Norman Jewison,Buy or Rent,
354,tt0066206,2019-03-07,2019-03-07,,Patton,https://www.imdb.com/title/tt0066206/,movie,7.9,172,1970,"Biography, Drama, War",104111,1970-02-04,Franklin J. Schaffner,Buy or Rent,
355,tt0065214,2019-03-07,2019-03-07,,The Wild Bunch,https://www.imdb.com/title/tt0065214/,movie,7.9,145,1969,"Action, Adventure, Western",86584,1969-05-01,Sam Peckinpah,HBO Max,
356,tt0063522,2019-03-07,2019-03-07,,Rosemary's Baby,https://www.imdb.com/title/tt0063522/,movie,8.0,137,1968,"Drama, Horror",221607,1968-06-12,Roman Polanski,Amazon Prime Video,
357,tt0063442,2019-03-07,2019-03-07,,Planet of the Apes,https://www.imdb.com/title/tt0063442/,movie,8.0,112,1968,"Adventure, Sci-Fi",183668,1968-02-08,Franklin J. Schaffner,Buy or Rent,
358,tt0061811,2019-03-07,2019-03-07,,In the Heat of the Night,https://www.imdb.com/title/tt0061811/,movie,7.9,110,1967,"Drama, Mystery, Thriller",78697,1967-08-02,Norman Jewison,Amazon Prime Video,
359,tt0061722,2019-03-07,2019-03-07,,The Graduate,https://www.imdb.com/title/tt0061722/,movie,8.0,106,1967,"Comedy, Drama, Romance",277833,1967-12-20,Mike Nichols,Buy or Rent,
360,tt0061184,2019-03-07,2019-03-07,,Who's Afraid of Virginia Woolf?,https://www.imdb.com/title/tt0061184/,movie,8.0,131,1966,Drama,76855,1966-06-21,Mike Nichols,HBO Max,
361,tt0059742,2019-03-07,2019-03-07,,The Sound of Music,https://www.imdb.com/title/tt0059742/,movie,8.1,172,1965,"Biography, Drama, Family, Musical, Romance",241751,1965-03-02,Robert Wise,Disney+,
362,tt0059113,2019-03-07,2019-03-07,,Doctor Zhivago,https://www.imdb.com/title/tt0059113/,movie,7.9,197,1965,"Drama, Romance, War",78757,1965-12-22,David Lean,Buy or Rent,
363,tt0058461,2019-03-07,2019-03-07,,Per un pugno di dollari,https://www.imdb.com/title/tt0058461/,movie,7.9,99,1964,"Action, Drama, Western",221536,1964-09-12,Sergio Leone,Buy or Rent,
364,tt0056923,2019-03-07,2019-03-07,,Charade,https://www.imdb.com/title/tt0056923/,movie,7.9,113,1963,"Comedy, Mystery, Romance, Thriller",80218,1963-12-05,Stanley Donen,Amazon Prime Video,
365,tt0054997,2019-03-07,2019-03-07,,The Hustler,https://www.imdb.com/title/tt0054997/,movie,8.0,134,1961,"Drama, Sport",83664,1961-09-24,Robert Rossen,Buy or Rent,
366,tt0053221,2019-03-07,2019-03-07,,Rio Bravo,https://www.imdb.com/title/tt0053221/,movie,8.0,141,1959,"Drama, Western",64260,1959-03-18,Howard Hawks,HBO Max,
367,tt0052561,2019-03-07,2019-03-07,,Anatomy of a Murder,https://www.imdb.com/title/tt0052561/,movie,8.0,161,1959,"Drama, Mystery",67838,1959-06-29,Otto Preminger,Buy or Rent,
368,tt0052311,2019-03-07,2019-03-07,,Touch of Evil,https://www.imdb.com/title/tt0052311/,movie,8.0,95,1958,"Crime, Drama, Film-Noir, Thriller",106309,1958-03-30,Orson Welles,Buy or Rent,
369,tt0049730,2019-03-07,2019-03-07,,The Searchers,https://www.imdb.com/title/tt0049730/,movie,7.9,119,1956,"Adventure, Drama, Western",91646,1956-05-16,John Ford,HBO Max,
370,tt0049406,2019-03-07,2019-03-07,,The Killing,https://www.imdb.com/title/tt0049406/,movie,7.9,84,1956,"Crime, Drama, Film-Noir, Thriller",91789,1956-05-19,Stanley Kubrick,Amazon Prime Video,
371,tt0048424,2019-03-07,2019-03-07,,The Night of the Hunter,https://www.imdb.com/title/tt0048424/,movie,8.0,92,1955,"Crime, Drama, Film-Noir, Thriller",91560,1955-07-26,Charles Laughton,Amazon Prime Video,
372,tt0048028,2019-03-07,2019-03-07,,East of Eden,https://www.imdb.com/title/tt0048028/,movie,7.8,118,1955,Drama,46622,1955-03-09,Elia Kazan,HBO Max,
373,tt0046359,2019-03-07,2019-03-07,,Stalag 17,https://www.imdb.com/title/tt0046359/,movie,8.0,120,1953,"Comedy, Drama, War",56774,1953-05-29,Billy Wilder,Buy or Rent,
374,tt0044706,2019-03-07,2019-03-07,,High Noon,https://www.imdb.com/title/tt0044706/,movie,8.0,85,1952,"Drama, Thriller, Western",106170,1952-05-01,Fred Zinnemann,Buy or Rent,
375,tt0044081,2019-03-07,2019-03-07,,A Streetcar Named Desire,https://www.imdb.com/title/tt0044081/,movie,7.9,122,1951,Drama,110213,1951-09-09,Elia Kazan,HBO Max,
376,tt0044079,2019-03-07,2019-03-07,,Strangers on a Train,https://www.imdb.com/title/tt0044079/,movie,7.9,101,1951,"Crime, Drama, Film-Noir, Thriller",135969,1951-06-27,Alfred Hitchcock,Buy or Rent,
377,tt0042546,2019-03-07,2019-03-07,,Harvey,https://www.imdb.com/title/tt0042546/,movie,7.9,104,1950,"Comedy, Drama, Fantasy",56542,1950-12-04,Henry Koster,Buy or Rent,
378,tt0040746,2019-03-07,2019-03-07,,Rope,https://www.imdb.com/title/tt0040746/,movie,7.9,80,1948,"Crime, Drama, Mystery, Thriller",146642,1948-08-23,Alfred Hitchcock,Buy or Rent,
379,tt0039689,2019-03-07,2019-03-07,,Out of the Past,https://www.imdb.com/title/tt0039689/,movie,8.0,97,1947,"Crime, Drama, Film-Noir, Romance, Thriller",38538,1947-11-25,Jacques Tourneur,Buy or Rent,
380,tt0038355,2019-03-07,2019-03-07,,The Big Sleep,https://www.imdb.com/title/tt0038355/,movie,7.9,114,1946,"Crime, Film-Noir, Mystery, Thriller",87405,1946-08-22,Howard Hawks,HBO Max,
381,tt0037884,2019-03-07,2019-03-07,,The Lost Weekend,https://www.imdb.com/title/tt0037884/,movie,7.9,101,1945,"Drama, Film-Noir",38223,1945-10-05,Billy Wilder,Buy or Rent,
382,tt0037008,2019-03-07,2019-03-07,,Laura,https://www.imdb.com/title/tt0037008/,movie,7.9,88,1944,"Drama, Film-Noir, Mystery",48691,1944-10-11,Otto Preminger,Buy or Rent,
383,tt0036613,2019-03-07,2019-03-07,,Arsenic and Old Lace,https://www.imdb.com/title/tt0036613/,movie,7.9,118,1944,"Comedy, Crime, Thriller",72281,1944-09-01,Frank Capra,Buy or Rent,
384,tt0032904,2019-03-07,2019-03-07,,The Philadelphia Story,https://www.imdb.com/title/tt0032904/,movie,7.9,112,1940,"Comedy, Romance",70905,1940-12-05,George Cukor,HBO Max,
385,tt0032599,2019-03-07,2019-03-07,,His Girl Friday,https://www.imdb.com/title/tt0032599/,movie,7.8,92,1940,"Comedy, Drama, Romance",60365,1940-01-11,Howard Hawks,Amazon Prime Video,
386,tt0032138,2019-03-07,2019-03-07,,The Wizard of Oz,https://www.imdb.com/title/tt0032138/,movie,8.1,102,1939,"Adventure, Family, Fantasy, Musical",406799,1939-08-10,"Mervyn LeRoy, Norman Taurog, King Vidor, George Cukor, Victor Fleming, Richard Thorpe",HBO Max,
387,tt0029947,2019-03-07,2019-03-07,,Bringing Up Baby,https://www.imdb.com/title/tt0029947/,movie,7.8,102,1938,Comedy,63132,1938-02-16,Howard Hawks,HBO Max,
388,tt0029843,2019-03-07,2019-03-07,,The Adventures of Robin Hood,https://www.imdb.com/title/tt0029843/,movie,7.9,102,1938,"Action, Adventure, Romance",52373,1938-05-12,"Michael Curtiz, William Keighley",HBO Max,
389,tt0026778,2019-03-07,2019-03-07,,A Night at the Opera,https://www.imdb.com/title/tt0026778/,movie,7.8,96,1935,"Comedy, Music, Musical",33535,1935-11-01,"Sam Wood, Edmund Goulding",Buy or Rent,
390,tt0023969,2019-03-07,2019-03-07,,Duck Soup,https://www.imdb.com/title/tt0023969/,movie,7.8,69,1933,"Comedy, Musical",61036,1933-11-15,Leo McCarey,Amazon Prime Video,
391,tt0015648,2019-03-07,2019-03-07,,Bronenosets Potemkin,https://www.imdb.com/title/tt0015648/,movie,7.9,75,1925,"Drama, History, Thriller, War",59075,1925-11-12,Sergei Eisenstein,HBO Max,
392,tt0013442,2019-03-07,2019-03-07,,"Nosferatu, eine Symphonie des Grauens",https://www.imdb.com/title/tt0013442/,movie,7.9,94,1922,"Fantasy, Horror",99867,1922-02-16,F.W. Murnau,Buy or Rent,
393,tt5726616,2019-03-07,2019-03-07,,Call Me by Your Name,https://www.imdb.com/title/tt5726616/,movie,7.8,132,2017,"Drama, Romance",283398,2017-01-22,Luca Guadagnino,Netflix,
394,tt5168192,2019-03-07,2019-03-07,,"I, Daniel Blake",https://www.imdb.com/title/tt5168192/,movie,7.8,100,2016,Drama,61559,2016-05-13,Ken Loach,Buy or Rent,
395,tt5104604,2019-03-07,2019-03-07,,Isle of Dogs,https://www.imdb.com/title/tt5104604/,movie,7.8,101,2018,"Animation, Adventure, Comedy, Drama, Sci-Fi",174295,2018-02-15,Wes Anderson,Disney+,
396,tt5013056,2019-03-07,2019-03-07,,Dunkirk,https://www.imdb.com/title/tt5013056/,movie,7.8,106,2017,"Action, Drama, History, Thriller, War",674252,2017-07-13,Christopher Nolan,Hulu,
397,tt4698684,2019-03-07,2019-03-07,,Hunt for the Wilderpeople,https://www.imdb.com/title/tt4698684/,movie,7.8,101,2016,"Adventure, Comedy, Drama",133822,2016-01-22,Taika Waititi,Netflix,
398,tt4468740,2019-03-07,2019-03-07,,Paddington 2,https://www.imdb.com/title/tt4468740/,movie,7.8,103,2017,"Adventure, Comedy, Family, Fantasy",83180,2017-11-05,Paul King,Buy or Rent,
399,tt3553976,2019-03-07,2019-03-07,,Captain Fantastic,https://www.imdb.com/title/tt3553976/,movie,7.8,118,2016,"Comedy, Drama",223334,2016-01-23,Matt Ross,Amazon Prime Video,
400,tt3501632,2019-03-07,2019-03-07,,Thor: Ragnarok,https://www.imdb.com/title/tt3501632/,movie,7.9,130,2017,"Action, Adventure, Comedy, Fantasy, Sci-Fi",766700,2017-10-10,Taika Waititi,Disney+,
401,tt2872718,2019-03-07,2019-03-07,,Nightcrawler,https://www.imdb.com/title/tt2872718/,movie,7.8,117,2014,"Crime, Drama, Thriller",561839,2014-09-05,Dan Gilroy,HBO Max,
402,tt2543164,2019-03-07,2019-03-07,,Arrival,https://www.imdb.com/title/tt2543164/,movie,7.9,116,2016,"Drama, Mystery, Sci-Fi",710080,2016-09-01,Denis Villeneuve,Buy or Rent,
403,tt2209418,2019-03-07,2019-03-07,,Before Midnight,https://www.imdb.com/title/tt2209418/,movie,7.9,109,2013,"Drama, Romance",162540,2013-01-20,Richard Linklater,Buy or Rent,
404,tt1655442,2019-03-07,2019-03-07,,The Artist,https://www.imdb.com/title/tt1655442/,movie,7.9,100,2011,"Comedy, Drama, Romance",243881,2011-05-15,Michel Hazanavicius,HBO Max,
405,tt1631867,2019-03-07,2019-03-07,,Edge of Tomorrow,https://www.imdb.com/title/tt1631867/,movie,7.9,113,2014,"Action, Adventure, Sci-Fi",692554,2014-05-28,Doug Liman,HBO Max,
406,tt1602620,2019-03-07,2019-03-07,,Amour,https://www.imdb.com/title/tt1602620/,movie,7.9,127,2012,Drama,102256,2012-05-20,Michael Haneke,Hulu,
407,tt1398426,2019-03-07,2019-03-07,,Straight Outta Compton,https://www.imdb.com/title/tt1398426/,movie,7.8,147,2015,"Biography, Drama, History, Music",206990,2015-08-11,F. Gary Gray,Buy or Rent,
408,tt1235166,2019-03-07,2019-03-07,,Un prophète,https://www.imdb.com/title/tt1235166/,movie,7.8,155,2009,"Crime, Drama",99781,2009-05-16,Jacques Audiard,Buy or Rent,
409,tt1190539,2019-03-07,2019-03-07,,Chugyeokja,https://www.imdb.com/title/tt1190539/,movie,7.8,125,2008,"Action, Crime, Drama, Thriller",68435,2008-02-14,Na Hong-jin,Buy or Rent,
410,tt1182345,2019-03-07,2019-03-07,,Moon,https://www.imdb.com/title/tt1182345/,movie,7.8,97,2009,"Drama, Mystery, Sci-Fi",364472,2009-01-23,Duncan Jones,HBO Max,
411,tt1139797,2019-03-07,2019-03-07,,Låt den rätte komma in,https://www.imdb.com/title/tt1139797/,movie,7.9,114,2008,"Drama, Fantasy, Horror, Romance",220454,2008-01-26,Tomas Alfredson,Amazon Prime Video,
412,tt1136608,2019-03-07,2019-03-07,,District 9,https://www.imdb.com/title/tt1136608/,movie,7.9,112,2009,"Action, Sci-Fi, Thriller",690409,2009-08-13,Neill Blomkamp,HBO Max,
413,tt1125849,2019-03-07,2019-03-07,,The Wrestler,https://www.imdb.com/title/tt1125849/,movie,7.9,109,2008,"Drama, Sport",311017,2008-09-05,Darren Aronofsky,HBO Max,
414,tt1065073,2019-03-07,2019-03-07,,Boyhood,https://www.imdb.com/title/tt1065073/,movie,7.9,165,2014,Drama,358412,2014-01-19,Richard Linklater,Buy or Rent,
415,tt1032846,2019-03-07,2019-03-07,,"4 luni, 3 saptamâni si 2 zile",https://www.imdb.com/title/tt1032846/,movie,7.9,113,2007,Drama,61408,2007-05-17,Cristian Mungiu,Buy or Rent,
416,tt0907657,2019-03-07,2019-03-07,,Once,https://www.imdb.com/title/tt0907657/,movie,7.8,86,2007,"Drama, Music, Romance",118215,2007-01-20,John Carney,Hulu,
417,tt0903624,2019-03-07,2019-03-07,,The Hobbit: An Unexpected Journey,https://www.imdb.com/title/tt0903624/,movie,7.8,169,2012,Fantasy,838651,2012-11-28,Peter Jackson,HBO Max,
418,tt0780536,2019-03-07,2019-03-07,,In Bruges,https://www.imdb.com/title/tt0780536/,movie,7.9,107,2008,"Comedy, Crime, Drama, Thriller",440515,2008-01-17,Martin McDonagh,Buy or Rent,
419,tt0498380,2019-03-07,2019-03-07,,Letters from Iwo Jima,https://www.imdb.com/title/tt0498380/,movie,7.9,141,2006,"Action, Adventure, Drama, History, War",165236,2006-11-15,Clint Eastwood,Buy or Rent,
420,tt0454876,2019-03-07,2019-03-07,,Life of Pi,https://www.imdb.com/title/tt0454876/,movie,7.9,127,2012,"Adventure, Drama, Fantasy",640501,2012-09-28,Ang Lee,Amazon Prime Video,
421,tt0432283,2019-03-07,2019-03-07,,Fantastic Mr. Fox,https://www.imdb.com/title/tt0432283/,movie,7.9,87,2009,"Animation, Adventure, Comedy, Crime, Drama, Family",240170,2009-10-14,Wes Anderson,HBO Max,
422,tt0425112,2019-03-07,2019-03-07,,Hot Fuzz,https://www.imdb.com/title/tt0425112/,movie,7.8,121,2007,"Action, Comedy, Mystery, Thriller",513132,2007-02-13,Edgar Wright,Buy or Rent,
423,tt0379786,2019-03-07,2019-03-07,,Serenity,https://www.imdb.com/title/tt0379786/,movie,7.8,119,2005,"Action, Adventure, Sci-Fi, Thriller",298969,2005-08-22,Joss Whedon,Buy or Rent,
424,tt0372824,2019-03-07,2019-03-07,,Les choristes,https://www.imdb.com/title/tt0372824/,movie,7.8,97,2004,"Comedy, Drama, Music",64009,2004-03-17,Christophe Barratier,Not found,
425,tt0371746,2019-03-07,2019-03-07,,Iron Man,https://www.imdb.com/title/tt0371746/,movie,7.9,126,2008,"Action, Adventure, Sci-Fi",1073051,2008-04-14,Jon Favreau,Disney+,
426,tt0365748,2019-03-07,2019-03-07,,Shaun of the Dead,https://www.imdb.com/title/tt0365748/,movie,7.9,99,2004,"Comedy, Horror",566648,2004-03-29,Edgar Wright,Buy or Rent,
427,tt0358273,2019-03-07,2019-03-07,,Walk the Line,https://www.imdb.com/title/tt0358273/,movie,7.8,136,2005,"Biography, Drama, Music, Romance",255554,2005-09-04,James Mangold,HBO Max,
428,tt0332280,2019-03-07,2019-03-07,,The Notebook,https://www.imdb.com/title/tt0332280/,movie,7.8,123,2004,"Drama, Romance",583141,2004-05-20,Nick Cassavetes,HBO Max,
429,tt0304141,2019-03-07,2019-03-07,,Harry Potter and the Prisoner of Azkaban,https://www.imdb.com/title/tt0304141/,movie,7.9,142,2004,"Adventure, Family, Fantasy, Mystery",648915,2004-05-23,Alfonso Cuarón,HBO Max,
430,tt0299977,2019-03-07,2019-03-07,,Ying xiong,https://www.imdb.com/title/tt0299977/,movie,7.9,120,2002,"Action, Adventure, Drama",183582,2002-10-24,Yimou Zhang,Not found,
431,tt0258463,2019-03-07,2019-03-07,,The Bourne Identity,https://www.imdb.com/title/tt0258463/,movie,7.9,119,2002,"Action, Mystery, Thriller",554271,2002-06-06,Doug Liman,Netflix,
432,tt0206634,2019-03-07,2019-03-07,,Children of Men,https://www.imdb.com/title/tt0206634/,movie,7.9,109,2006,"Action, Drama, Sci-Fi, Thriller",507627,2006-09-03,Alfonso Cuarón,Buy or Rent,
433,tt0190332,2019-03-07,2019-03-07,,Wo hu cang long,https://www.imdb.com/title/tt0190332/,movie,7.9,120,2000,"Action, Adventure, Drama, Fantasy, Romance",273788,2000-05-18,Ang Lee,Amazon Prime Video,
434,tt0185125,2019-03-07,2019-03-07,,Todo sobre mi madre,https://www.imdb.com/title/tt0185125/,movie,7.8,101,1999,Drama,98915,1999-04-08,Pedro Almodóvar,Buy or Rent,
435,tt0181875,2019-03-07,2019-03-07,,Almost Famous,https://www.imdb.com/title/tt0181875/,movie,7.9,122,2000,"Adventure, Comedy, Drama, Music",281527,2000-09-08,Cameron Crowe,Amazon Prime Video,
436,tt0140352,2019-03-07,2019-03-07,,The Insider,https://www.imdb.com/title/tt0140352/,movie,7.8,157,1999,"Biography, Drama, Thriller",173784,1999-10-28,Michael Mann,Buy or Rent,
437,tt0120363,2019-03-07,2019-03-07,,Toy Story 2,https://www.imdb.com/title/tt0120363/,movie,7.9,92,1999,"Animation, Adventure, Comedy, Family, Fantasy",590423,1999-11-13,"John Lasseter, Lee Unkrich, Ash Brannon",Disney+,
438,tt0118749,2019-03-07,2019-03-07,,Boogie Nights,https://www.imdb.com/title/tt0118749/,movie,7.9,155,1997,Drama,270636,1997-09-11,Paul Thomas Anderson,HBO Max,
439,tt0115751,2019-03-07,2019-03-07,,Breaking the Waves,https://www.imdb.com/title/tt0115751/,movie,7.8,159,1996,Drama,68650,1996-05-13,Lars von Trier,HBO Max,
440,tt0110729,2019-03-07,2019-03-07,,Once Were Warriors,https://www.imdb.com/title/tt0110729/,movie,7.9,102,1994,"Crime, Drama",35180,1994-09-02,Lee Tamahori,Buy or Rent,
441,tt0109707,2019-03-07,2019-03-07,,Ed Wood,https://www.imdb.com/title/tt0109707/,movie,7.8,127,1994,"Biography, Comedy, Drama",178815,1994-09-24,Tim Burton,Buy or Rent,
442,tt0108399,2019-03-07,2019-03-07,,True Romance,https://www.imdb.com/title/tt0108399/,movie,7.9,119,1993,"Crime, Drama, Romance, Thriller",231382,1993-09-08,Tony Scott,Buy or Rent,
443,tt0107943,2019-03-07,2019-03-07,,The Remains of the Day,https://www.imdb.com/title/tt0107943/,movie,7.8,134,1993,"Drama, Romance",77179,1993-10-25,James Ivory,Buy or Rent,
444,tt0106519,2019-03-07,2019-03-07,,Carlito's Way,https://www.imdb.com/title/tt0106519/,movie,7.9,144,1993,"Crime, Drama, Thriller",222519,1993-11-07,Brian De Palma,Buy or Rent,
445,tt0106364,2019-03-07,2019-03-07,,Batman: Mask of the Phantasm,https://www.imdb.com/title/tt0106364/,movie,7.8,76,1993,"Animation, Action, Adventure, Crime, Family, Mystery, Sci-Fi",52892,1993-12-25,"Eric Radomski, Boyd Kirkland, Kevin Altieri, Frank Paur, Bruce Timm, Dan Riba",HBO Max,
446,tt0099487,2019-03-07,2019-03-07,,Edward Scissorhands,https://www.imdb.com/title/tt0099487/,movie,7.9,105,1990,"Drama, Fantasy, Romance",499283,1990-12-06,Tim Burton,HBO Max,
447,tt0097937,2019-03-07,2019-03-07,,My Left Foot: The Story of Christy Brown,https://www.imdb.com/title/tt0097937/,movie,7.8,103,1989,"Biography, Drama",76152,1989-02-24,Jim Sheridan,Paramount+,
448,tt0097814,2019-03-07,2019-03-07,,Majo no takkyûbin,https://www.imdb.com/title/tt0097814/,movie,7.8,103,1989,"Animation, Family, Fantasy",149406,1989-07-29,Hayao Miyazaki,Not found,
449,tt0097441,2019-03-07,2019-03-07,,Glory,https://www.imdb.com/title/tt0097441/,movie,7.8,122,1989,"Biography, Drama, History, War",137730,1989-12-15,Edward Zwick,Hulu,
450,tt0097216,2019-03-07,2019-03-07,,Do the Right Thing,https://www.imdb.com/title/tt0097216/,movie,8.0,120,1989,"Comedy, Drama",104991,1989-05-19,Spike Lee,Buy or Rent,
451,tt0094226,2019-03-07,2019-03-07,,The Untouchables,https://www.imdb.com/title/tt0094226/,movie,7.8,119,1987,"Crime, Drama, Thriller",316006,1987-06-02,Brian De Palma,Buy or Rent,
452,tt0091167,2019-03-07,2019-03-07,,Hannah and Her Sisters,https://www.imdb.com/title/tt0091167/,movie,7.8,107,1986,"Comedy, Drama",72914,1986-01-25,Woody Allen,Buy or Rent,
453,tt0088847,2019-03-07,2019-03-07,,The Breakfast Club,https://www.imdb.com/title/tt0088847/,movie,7.8,97,1985,"Comedy, Drama",408483,1985-02-07,John Hughes,Amazon Prime Video,
454,tt0087553,2019-03-07,2019-03-07,,The Killing Fields,https://www.imdb.com/title/tt0087553/,movie,7.8,141,1984,"Biography, Drama, History, War",56758,1984-11-02,Roland Joffé,Buy or Rent,
455,tt0086197,2019-03-07,2019-03-07,,The Right Stuff,https://www.imdb.com/title/tt0086197/,movie,7.8,193,1983,"Adventure, Biography, Drama, History",62613,1983-10-21,Philip Kaufman,Buy or Rent,
456,tt0083866,2019-03-07,2019-03-07,,E.T. the Extra-Terrestrial,https://www.imdb.com/title/tt0083866/,movie,7.9,115,1982,"Adventure, Family, Sci-Fi",417351,1982-05-26,Steven Spielberg,Buy or Rent,
457,tt0080455,2019-03-07,2019-03-07,,The Blues Brothers,https://www.imdb.com/title/tt0080455/,movie,7.9,133,1980,"Action, Adventure, Comedy, Crime, Music, Musical",204322,1980-06-20,John Landis,Buy or Rent,
458,tt0077405,2019-03-07,2019-03-07,,Days of Heaven,https://www.imdb.com/title/tt0077405/,movie,7.8,94,1978,"Drama, Romance",59578,1978-09-13,Terrence Malick,Paramount+,
459,tt0077402,2019-03-07,2019-03-07,,Dawn of the Dead,https://www.imdb.com/title/tt0077402/,movie,7.8,127,1978,"Horror, Thriller",123415,1978-09-01,George A. Romero,Buy or Rent,
460,tt0075029,2019-03-07,2019-03-07,,The Outlaw Josey Wales,https://www.imdb.com/title/tt0075029/,movie,7.8,135,1976,Western,75718,1976-06-26,Clint Eastwood,HBO Max,
461,tt0073341,2019-03-07,2019-03-07,,The Man Who Would Be King,https://www.imdb.com/title/tt0073341/,movie,7.8,129,1975,"Adventure, War",50157,1975-11-27,John Huston,HBO Max,
462,tt0071615,2019-03-07,2019-03-07,,La montaña sagrada,https://www.imdb.com/title/tt0071615/,movie,7.8,114,1973,"Adventure, Drama, Fantasy",44725,1973-05-31,Alejandro Jodorowsky,Buy or Rent,
463,tt0071360,2019-03-07,2019-03-07,,The Conversation,https://www.imdb.com/title/tt0071360/,movie,7.8,113,1974,"Drama, Mystery, Thriller",114698,1974-04-07,Francis Ford Coppola,Buy or Rent,
464,tt0071129,2019-03-07,2019-03-07,,Amarcord,https://www.imdb.com/title/tt0071129/,movie,7.9,123,1973,"Comedy, Drama",44687,1973-12-18,Federico Fellini,HBO Max,
465,tt0069762,2019-03-07,2019-03-07,,Badlands,https://www.imdb.com/title/tt0069762/,movie,7.7,94,1973,"Action, Crime, Drama",74707,1973-10-13,Terrence Malick,Buy or Rent,
466,tt0068361,2019-03-07,2019-03-07,,Le charme discret de la bourgeoisie,https://www.imdb.com/title/tt0068361/,movie,7.8,102,1972,Comedy,44393,1972-09-15,Luis Buñuel,Buy or Rent,
467,tt0064665,2019-03-07,2019-03-07,,Midnight Cowboy,https://www.imdb.com/title/tt0064665/,movie,7.8,113,1969,Drama,113919,1969-05-25,John Schlesinger,Amazon Prime Video,
468,tt0063350,2019-03-07,2019-03-07,,Night of the Living Dead,https://www.imdb.com/title/tt0063350/,movie,7.8,96,1968,"Horror, Thriller",132279,1968-10-01,George A. Romero,Hulu,
469,tt0061418,2019-03-07,2019-03-07,,Bonnie and Clyde,https://www.imdb.com/title/tt0061418/,movie,7.7,111,1967,"Action, Biography, Crime, Drama",115522,1967-08-04,Arthur Penn,HBO Max,
470,tt0055032,2019-03-07,2019-03-07,,Jules et Jim,https://www.imdb.com/title/tt0055032/,movie,7.7,105,1962,"Drama, Romance",42683,1962-01-23,François Truffaut,HBO Max,
471,tt0054331,2019-03-07,2019-03-07,,Spartacus,https://www.imdb.com/title/tt0054331/,movie,7.9,197,1960,"Adventure, Biography, Drama, History, War",137388,1960-10-06,"Stanley Kubrick, Anthony Mann",Buy or Rent,
472,tt0053472,2019-03-07,2019-03-07,,À bout de souffle,https://www.imdb.com/title/tt0053472/,movie,7.7,90,1960,"Crime, Drama",83937,1960-03-16,Jean-Luc Godard,HBO Max,
473,tt0049833,2019-03-07,2019-03-07,,The Ten Commandments,https://www.imdb.com/title/tt0049833/,movie,7.9,220,1956,"Adventure, Drama, Family, History",72527,1956-10-05,Cecil B. DeMille,Buy or Rent,
474,tt0043265,2019-03-07,2019-03-07,,The African Queen,https://www.imdb.com/title/tt0043265/,movie,7.7,105,1951,"Adventure, Drama, Romance, War",80493,1951-12-26,John Huston,Buy or Rent,
475,tt0040506,2019-03-07,2019-03-07,,Key Largo,https://www.imdb.com/title/tt0040506/,movie,7.7,100,1948,"Action, Crime, Drama, Film-Noir, Thriller",41992,1948-07-16,John Huston,HBO Max,
476,tt0039628,2019-03-07,2019-03-07,,Miracle on 34th Street,https://www.imdb.com/title/tt0039628/,movie,7.9,96,1947,"Comedy, Drama, Family",51005,1947-06-04,George Seaton,Disney+,
477,tt0037382,2019-03-07,2019-03-07,,To Have and Have Not,https://www.imdb.com/title/tt0037382/,movie,7.8,100,1944,"Adventure, Comedy, Film-Noir, Romance, Thriller, War",35947,1944-10-11,Howard Hawks,Netflix,
478,tt0036342,2019-03-07,2019-03-07,,Shadow of a Doubt,https://www.imdb.com/title/tt0036342/,movie,7.8,108,1943,"Film-Noir, Thriller",67158,1943-01-12,Alfred Hitchcock,Buy or Rent,
479,tt0031971,2019-03-07,2019-03-07,,Stagecoach,https://www.imdb.com/title/tt0031971/,movie,7.8,96,1939,"Adventure, Drama, Western",50744,1939-02-10,John Ford,Amazon Prime Video,
480,tt0030341,2019-03-07,2019-03-07,,The Lady Vanishes,https://www.imdb.com/title/tt0030341/,movie,7.8,96,1938,"Mystery, Thriller",54241,1938-10-07,Alfred Hitchcock,HBO Max,
481,tt0026138,2019-03-07,2019-03-07,,Bride of Frankenstein,https://www.imdb.com/title/tt0026138/,movie,7.8,75,1935,"Drama, Horror, Sci-Fi",50133,1935-04-19,James Whale,Buy or Rent,
482,tt0024216,2019-03-07,2019-03-07,,King Kong,https://www.imdb.com/title/tt0024216/,movie,7.9,100,1933,"Adventure, Horror, Sci-Fi",87250,1933-03-02,"Ernest B. Schoedsack, Merian C. Cooper",Netflix,
483,tt0022913,2019-03-07,2019-03-07,,Freaks,https://www.imdb.com/title/tt0022913/,movie,7.8,64,1932,"Drama, Horror",47903,1932-02-12,Tod Browning,Buy or Rent,
484,tt0021884,2019-03-07,2019-03-07,,Frankenstein,https://www.imdb.com/title/tt0021884/,movie,7.8,70,1931,"Drama, Horror, Sci-Fi, Thriller",75044,1931-11-19,James Whale,Buy or Rent,
485,tt0338564,2019-03-07,2019-03-07,,Mou gaan dou,https://www.imdb.com/title/tt0338564/,movie,8.0,101,2002,"Action, Crime, Drama, Mystery, Thriller",126868,2002-12-12,"Alan Mak, Andrew Lau",Buy or Rent,
486,tt0056218,2019-03-07,2019-03-07,,The Manchurian Candidate,https://www.imdb.com/title/tt0056218/,movie,7.9,126,1962,"Drama, Thriller",76866,1962-10-24,John Frankenheimer,Buy or Rent,
487,tt0756683,2019-03-07,2019-03-07,,The Man from Earth,https://www.imdb.com/title/tt0756683/,movie,7.9,87,2007,"Drama, Fantasy, Mystery, Sci-Fi",190914,2007-06-10,Richard Schenkman,Buy or Rent,
